entry_id,title,category,published,word_count,reason,url
6802418398334367196,抗てんかん薬と授乳,,2025-03-07T04:20:53+09:00,8582,no_image_in_head,https://hinyan1016.hatenablog.com/entry/2025/03/07/042053
6802418398334368576,NSAIDsによる腎障害のリスク,,2025-03-07T04:44:35+09:00,11400,no_image_in_head,https://hinyan1016.hatenablog.com/entry/2025/03/07/044435
6802418398334374023,ビッカースタッフ脳幹脳炎（BBE）の治療動向,,2025-03-07T05:56:26+09:00,9732,no_image_in_head,https://hinyan1016.hatenablog.com/entry/2025/03/07/055626
6802418398334377876,バイキングを使用した針筋電図検査：ALSとミオパチー診断の詳細解説,,2025-03-07T06:32:26+09:00,16933,no_image_in_head,https://hinyan1016.hatenablog.com/entry/2025/03/07/063226
6802418398334380887,抗てんかん薬の妊婦に対する催奇形性リスクまとめ,てんかん|脳神経内科|薬,2025-03-07T07:00:30+09:00,6193,no_image_in_head,https://hinyan1016.hatenablog.com/entry/2025/03/07/070030
6802418398334475245,医療のゲームチェンジャー：GLP-1アナログが開く糖尿病治療を超えた新時代,薬|糖尿,2025-03-07T13:55:04+09:00,6453,no_image_in_head,https://hinyan1016.hatenablog.com/entry/2025/03/07/135504
6802418398334827444,片頭痛の予防薬：CGRPと内服薬について,,2025-03-08T19:09:47+09:00,6931,no_image_in_head,https://hinyan1016.hatenablog.com/entry/2025/03/08/190947
6802418398335177024,糖尿病治療の新時代：GLP-1受容体作動薬とSGLT2阻害薬がもたらす多面的ベネフィット,,2025-03-09T23:31:00+09:00,14012,no_image_in_head,https://hinyan1016.hatenablog.com/entry/2025/03/09/233100
6802418398335199672,指先採血にさようなら！　糖尿病の血糖管理の進歩,,2025-03-10T02:04:07+09:00,10668,no_image_in_head,https://hinyan1016.hatenablog.com/entry/2025/03/10/020407
6802418398335229064,パーキンソン病・神経難病患者のオンライン診療の現状と課題,脳神経内科|オンライン診療|AI活用|医学情報,2025-03-10T07:47:18+09:00,10635,no_image_in_head,https://hinyan1016.hatenablog.com/entry/2025/03/10/074718
6802418398335300546,花粉症の治療：最新動向と対策,,2025-03-10T13:20:58+09:00,7957,no_image_in_head,https://hinyan1016.hatenablog.com/entry/2025/03/10/132058
6802418398335459035,AI問診！？,,2025-03-11T00:44:08+09:00,9490,no_image_in_head,https://hinyan1016.hatenablog.com/entry/2025/03/11/004408
6802418398335625946,Issacs症候群（ニューロミオトニア）の概要,医学情報|脳神経内科,2025-03-11T17:28:55+09:00,10923,no_image_in_head,https://hinyan1016.hatenablog.com/entry/2025/03/11/172855
6802418398335710612,日本におけるノロウイルス感染性胃腸炎の最新状況（2025年）,医学情報|生活,2025-03-11T22:49:08+09:00,9490,no_image_in_head,https://hinyan1016.hatenablog.com/entry/2025/03/11/224908
6802418398335872132,迫りくる2025年問題：超高齢社会が医療にもたらす影響と対策,医学情報|生活|AI活用,2025-03-12T15:59:57+09:00,11017,no_image_in_head,https://hinyan1016.hatenablog.com/entry/2025/03/12/155957
6802418398336014339,アルツハイマー型認知症に対する抗体薬：最新動向と展望,,2025-03-13T04:25:51+09:00,16529,no_image_in_head,https://hinyan1016.hatenablog.com/entry/2025/03/13/042551
6802418398336236537,食欲調節に関わるホルモンと中枢神経系,生活|医学情報|AI活用,2025-03-13T22:45:42+09:00,12800,no_image_in_head,https://hinyan1016.hatenablog.com/entry/2025/03/13/224542
6802418398336323222,日本におけるオンライン診療（脳神経内科）の開業可否に関する解説,オンライン診療|医学情報|脳神経内科|AI活用,2025-03-14T09:26:51+09:00,10629,no_image_in_head,https://hinyan1016.hatenablog.com/entry/2025/03/14/092651
6802418398336339422,認知症患者のせん妄：最新の治療法と効果的な対策,,2025-03-14T10:47:55+09:00,10644,no_image_in_head,https://hinyan1016.hatenablog.com/entry/2025/03/14/104755
6802418398336566804,科学的根拠に基づくダイエット方法の最新エビデンス,医学情報|生活|薬|AI活用,2025-03-15T07:15:46+09:00,14702,no_image_in_head,https://hinyan1016.hatenablog.com/entry/2025/03/15/071546
6802418398336571447,2025年最新の一般内科トレンド：感染症動向と対策  ,医学情報|薬|AI活用|生活,2025-03-15T07:50:22+09:00,12401,no_image_in_head,https://hinyan1016.hatenablog.com/entry/2025/03/15/075022
6802418398336831196,風邪（感冒）完全ガイド：原因・症状・治療・予防法,AI活用|医学情報|生活|薬,2025-03-16T06:01:09+09:00,11535,no_image_in_head,https://hinyan1016.hatenablog.com/entry/2025/03/16/060109
6802418398336867484,脂肪肝（NAFLDおよびAFLD）の最新医学知識：診断から治療まで,AI活用|医学情報|生活|薬,2025-03-16T09:56:10+09:00,17819,no_image_in_head,https://hinyan1016.hatenablog.com/entry/2025/03/16/095610
6802418398336922362,高血圧治療の第一選択薬と併用療法：JSH2019ガイドラインに基づく実践アプローチ,AI活用|医学情報|薬|脳神経内科|生活,2025-03-16T13:36:38+09:00,11715,no_image_in_head,https://hinyan1016.hatenablog.com/entry/2025/03/16/133638
6802418398337108083,人生会議（ACP）総合ガイド：意義と進め方,生活|医学情報|脳神経内科,2025-03-17T03:16:11+09:00,15489,no_image_in_head,https://hinyan1016.hatenablog.com/entry/2025/03/17/031611
6802418398337111617,『危険な常識！？科学が暴く「3秒ルール」の真実とペットボトル飲み残しの衝撃的雑菌リスク』,,2025-03-17T04:17:27+09:00,21664,no_image_in_head,https://hinyan1016.hatenablog.com/entry/2025/03/17/041727
6802418398337131875,プロバイオティクスの科学的効果：免疫力を高める仕組みとエビデンス,AI活用|医学情報|生活,2025-03-17T07:47:12+09:00,12267,no_image_in_head,https://hinyan1016.hatenablog.com/entry/2025/03/17/074712
6802418398337374022,医療チームにおける心理的安全性の重要性,医学情報|生活|医療安全,2025-03-18T04:55:59+09:00,11082,no_image_in_head,https://hinyan1016.hatenablog.com/entry/2025/03/18/045559
6802418398337385380,お隣の国、【2025年最新】韓国認知症学会による認知症薬物療法ガイドライン,,2025-03-18T06:49:56+09:00,1819,no_image_in_head,https://hinyan1016.hatenablog.com/entry/2025/03/18/064956
6802418398337551046,肥満症の最新治療法と展望：GLP-1受容体作動薬を中心に,,2025-03-18T20:09:58+09:00,17167,no_image_in_head,https://hinyan1016.hatenablog.com/entry/2025/03/18/200958
6802418398337643027,認知症と心房細動の関連性：最新知見と臨床的意義,医学情報|脳神経内科|AI活用,2025-03-19T07:14:38+09:00,17088,no_image_in_head,https://hinyan1016.hatenablog.com/entry/2025/03/19/071438
6802418398337720222,むずむず脚症候群（Restless Legs Syndrome、 RLS）に関する包括的レビュー,,2025-03-19T14:14:57+09:00,22216,no_image_in_head,https://hinyan1016.hatenablog.com/entry/2025/03/19/141457
6802418398337873743,年度末の異動シーズンに知っておきたい適応障害,医学情報|AI活用|生活|薬,2025-03-20T04:47:07+09:00,17326,no_image_in_head,https://hinyan1016.hatenablog.com/entry/2025/03/20/044707
6802418398338156202,2025年度の新薬トレンドと長期処方解禁の展望,薬|脳神経内科|医学情報|AI活用|てんかん|糖尿,2025-03-21T07:37:18+09:00,6015,no_image_in_head,https://hinyan1016.hatenablog.com/entry/2025/03/21/073718
6802418398338396360,花粉症と風邪の鑑別ガイド,,2025-03-22T06:05:34+09:00,5928,no_image_in_head,https://hinyan1016.hatenablog.com/entry/2025/03/22/060534
6802418398339088286,心因性から機能性神経障害へ,AI活用|てんかん|医学情報|生活|脳神経内科,2025-03-24T20:17:23+09:00,9731,no_image_in_head,https://hinyan1016.hatenablog.com/entry/2025/03/24/201723
6802418398339414526,高感受性（HSP）と医療現場：繊細な気質を持つ医療者・患者への理解と対応,生活|医学情報|AI活用,2025-03-26T02:04:12+09:00,8712,no_image_in_head,https://hinyan1016.hatenablog.com/entry/2025/03/26/020412
6802418398339422580,医療従事者とマインドフルネス：ストレス軽減からケアの質向上まで,AI活用|医学情報|生活,2025-03-26T04:45:08+09:00,5888,no_image_in_head,https://hinyan1016.hatenablog.com/entry/2025/03/26/044508
6802418398339466138,春の風物詩「黄砂」その正体と健康影響,生活|医学情報|AI活用,2025-03-26T10:19:13+09:00,7470,no_image_in_head,https://hinyan1016.hatenablog.com/entry/2025/03/26/101913
6802418398339812785,【他人事ではない】日本の山々が燃えている！多発する山火事の原因と、未来を守るために私たちができること,生活,2025-03-27T18:39:37+09:00,5990,no_image_in_head,https://hinyan1016.hatenablog.com/entry/2025/03/27/183937
6802418398339824432,脳神経内科医・医療スタッフ必見！NSTがもたらす栄養管理の最前線,,2025-03-27T19:34:55+09:00,7443,no_image_in_head,https://hinyan1016.hatenablog.com/entry/2025/03/27/193455
6802418398339850706,ランバート・イートン筋無力症候群（LEMS）の最新診断と治療,,2025-03-27T21:29:14+09:00,11500,no_image_in_head,https://hinyan1016.hatenablog.com/entry/2025/03/27/212914
6802418398339986796,頭痛診療を極めるための問診術：診断精度向上の技術,初期研修医|AI活用|医学情報|脳神経内科,2025-03-28T12:40:16+09:00,9127,no_image_in_head,https://hinyan1016.hatenablog.com/entry/2025/03/28/124016
6802418398341233219,成人肥満症の治療：日本基準にもとづく最新の知見,,2025-04-02T01:10:59+09:00,12804,no_image_in_head,https://hinyan1016.hatenablog.com/entry/2025/04/02/011059
6802418398341240860,HELT-E2S2スコアとは何か：構成からESUSにおけるAF予測まで,薬|脳神経内科|医学情報,2025-04-02T02:49:55+09:00,7327,no_image_in_head,https://hinyan1016.hatenablog.com/entry/2025/04/02/024955
6802418398341333124,2025年春・日本で流行している感染症まとめ,AI活用|一般向け|医学情報|生活,2025-04-02T13:42:26+09:00,16812,no_image_in_head,https://hinyan1016.hatenablog.com/entry/2025/04/02/134226
6802418398341500635,アテローム血栓性脳梗塞・ラクナ梗塞の最新治療戦略,,2025-04-03T03:07:48+09:00,14419,no_image_in_head,https://hinyan1016.hatenablog.com/entry/2025/04/03/030748
6802418398341897358,FcRn阻害薬のCIDPへの臨床応用,,2025-04-04T18:21:40+09:00,13122,no_image_in_head,https://hinyan1016.hatenablog.com/entry/2025/04/04/182140
6802418398341941295,難治性重症筋無力症に対する抗体療法：作用機序、エビデンス、安全性と最新動向,薬|脳神経内科|医学情報|初期研修医|AI活用,2025-04-04T21:47:31+09:00,9382,no_image_in_head,https://hinyan1016.hatenablog.com/entry/2025/04/04/214731
6802418398341941864,多巣性CIDP（Lewis-Sumner症候群）の定義・診断・治療と予後,薬|医学情報|初期研修医|脳神経内科,2025-04-04T21:50:00+09:00,11454,no_image_in_head,https://hinyan1016.hatenablog.com/entry/2025/04/04/215000
6802418398341945862,慢性炎症性脱髄性多発ニューロパチー（CIDP）の病理所見,,2025-04-04T22:05:54+09:00,11656,no_image_in_head,https://hinyan1016.hatenablog.com/entry/2025/04/04/220554
6802418398341947330,自己免疫性ノドパシーの総合レポート,脳神経内科|医学情報,2025-04-04T22:12:17+09:00,10017,no_image_in_head,https://hinyan1016.hatenablog.com/entry/2025/04/04/221217
6802418398341995078,重症筋無力症に対する抗体薬：最新の治療オプションと臨床的意義（Gensparkバージョン）,,2025-04-05T04:46:33+09:00,9553,no_image_in_head,https://hinyan1016.hatenablog.com/entry/2025/04/05/044633
6802418398341995286,CIDPの病理所見に関する包括的調査（Gesnparkバージョン）,,2025-04-05T04:49:59+09:00,5623,no_image_in_head,https://hinyan1016.hatenablog.com/entry/2025/04/05/044959
6802418398341995513,自己免疫性ノドパシー: 疾患概念から診断・治療まで（Gensparkバージョン）,,2025-04-05T04:54:33+09:00,8232,no_image_in_head,https://hinyan1016.hatenablog.com/entry/2025/04/05/045433
6802418398341995749,2025年4月4日時点における日本の感染症の最新動向（Gensparkバージョン）,,2025-04-05T04:59:22+09:00,4995,no_image_in_head,https://hinyan1016.hatenablog.com/entry/2025/04/05/045922
6802418398342165590,医療現場における生成AIの実装最前線：事例から学ぶ臨床応用と将来展望,,2025-04-05T20:33:35+09:00,5917,no_image_in_head,https://hinyan1016.hatenablog.com/entry/2025/04/05/203335
6802418398342165795,Long COVID最新エビデンスと管理戦略：臨床医のための実践ガイド,,2025-04-05T20:34:18+09:00,7212,no_image_in_head,https://hinyan1016.hatenablog.com/entry/2025/04/05/203418
6802418398342165916,精密医療（Precision Medicine）の最前線：がんゲノム医療から次世代医療へ,,2025-04-05T20:34:51+09:00,7183,no_image_in_head,https://hinyan1016.hatenablog.com/entry/2025/04/05/203451
6802418398342167013,医療従事者のバーンアウト：最新エビデンスに基づく予防と対策,,2025-04-05T20:39:20+09:00,7195,no_image_in_head,https://hinyan1016.hatenablog.com/entry/2025/04/05/203920
6802418398342167360,気候変動と健康：医療専門職に求められる役割と実践的アプローチ,医学情報|生活|初期研修医,2025-04-05T20:40:34+09:00,8062,no_image_in_head,https://hinyan1016.hatenablog.com/entry/2025/04/05/204034
6802418398342199347,【2025年最新】医療者が知っておくべき医療AI・DXトレンド,医学情報|AI活用|オンライン診療|初期研修医,2025-04-05T22:47:06+09:00,5549,no_image_in_head,https://hinyan1016.hatenablog.com/entry/2025/04/05/224706
6802418398342201776,試験対策：2023〜2025年注目の最新治療法,,2025-04-05T22:58:29+09:00,14108,no_image_in_head,https://hinyan1016.hatenablog.com/entry/2025/04/05/225829
6802418398342271906,自身の最近のAIへの関わりを紹介,生活|AI活用,2025-04-06T09:04:04+09:00,1846,no_image_in_head,https://hinyan1016.hatenablog.com/entry/2025/04/06/090404
6802418398342414719,片頭痛の治療：標準治療から最新治療、将来の展望まで,,2025-04-06T19:55:09+09:00,14224,no_image_in_head,https://hinyan1016.hatenablog.com/entry/2025/04/06/195509
6802418398342450480,緊張型頭痛を徹底解説：原因から予防まで,薬|脳神経内科|医学情報|初期研修医|頭痛,2025-04-06T22:05:30+09:00,9543,no_image_in_head,https://hinyan1016.hatenablog.com/entry/2025/04/06/220530
6802418398342753435,腕神経引き抜き損傷の電気生理検査：神経診断へのアプローチ,脳神経内科|医学情報,2025-04-07T23:55:05+09:00,6150,no_image_in_head,https://hinyan1016.hatenablog.com/entry/2025/04/07/235505
6802418398342812264,一時雷鳴様頭痛（Thunderclap Headache、 TCH）概要,,2025-04-08T09:10:38+09:00,9394,no_image_in_head,https://hinyan1016.hatenablog.com/entry/2025/04/08/091038
6802418398342855468,重症疾患関連ニューロパチー（CIP）の専門医向け解説,脳神経内科|医学情報,2025-04-08T13:00:35+09:00,12609,no_image_in_head,https://hinyan1016.hatenablog.com/entry/2025/04/08/130035
6802418398343001694,原発巣不明の転移性脳腫瘍：診断と治療の最新知見,,2025-04-09T00:08:18+09:00,12245,no_image_in_head,https://hinyan1016.hatenablog.com/entry/2025/04/09/000818
6802418398343018747,百日咳（Bordetella pertussis）の最新知見：疫学から治療まで,,2025-04-09T03:28:22+09:00,14505,no_image_in_head,https://hinyan1016.hatenablog.com/entry/2025/04/09/032822
6802418398343112382,Wallenberg症候群（延髄外側症候群）の総合レビュー,,2025-04-09T14:03:29+09:00,15052,no_image_in_head,https://hinyan1016.hatenablog.com/entry/2025/04/09/140329
6802418398343144851,頸部椎骨動脈解離（Extracranial Vertebral Artery Dissection）,AI活用|初期研修医|医学情報|脳神経内科|薬|頭痛,2025-04-09T16:33:07+09:00,9491,no_image_in_head,https://hinyan1016.hatenablog.com/entry/2025/04/09/163307
6802418398343295524,Bow Hunter症候群（回旋性椎骨動脈圧迫症候群）：専門医向け解説(Gemini),,2025-04-10T07:26:12+09:00,26340,no_image_in_head,https://hinyan1016.hatenablog.com/entry/2025/04/10/072612
6802418398343295681,回旋性椎骨動脈圧迫症候群（Bow Hunter症候群）の包括的レビュー(ChatGPT),,2025-04-10T07:27:12+09:00,17117,no_image_in_head,https://hinyan1016.hatenablog.com/entry/2025/04/10/072712
6802418398343295823,Bow Hunter症候群（回旋性椎骨動脈圧迫症候群）の包括的解説(Genspark),,2025-04-10T07:28:17+09:00,9385,no_image_in_head,https://hinyan1016.hatenablog.com/entry/2025/04/10/072817
6802418398343406345,敗血症診療の最前線：J-SSCG 2024ガイドラインの重要ポイントと臨床での実践,,2025-04-10T15:45:43+09:00,4254,no_image_in_head,https://hinyan1016.hatenablog.com/entry/2025/04/10/154543
6802418398343407214,頭蓋内椎骨動脈解離（ICVAD）：包括的レビュー,,2025-04-10T15:49:17+09:00,18629,no_image_in_head,https://hinyan1016.hatenablog.com/entry/2025/04/10/154917
6802418398343850224,慢性疲労症候群（ME/CFS）: 脳神経内科医のための臨床ガイド,脳神経内科|医学情報|初期研修医,2025-04-12T11:38:33+09:00,7482,no_image_in_head,https://hinyan1016.hatenablog.com/entry/2025/04/12/113833
6802418398344066214,セノバメート：難治性焦点てんかんにおける新たな切り札,てんかん|医学情報|脳神経内科|薬|初期研修医,2025-04-13T08:19:20+09:00,6074,no_image_in_head,https://hinyan1016.hatenablog.com/entry/2025/04/13/081920
6802418398349990631,最先端のiPS細胞治療がパーキンソン病の未来をどう変えるのか,,2025-04-18T02:54:35+09:00,3586,no_image_in_head,https://hinyan1016.hatenablog.com/entry/2025/04/18/025435
6802418398375457494,2025年に標準治療を揺さぶる脳神経内科領域の注目論文TOP4【最新エビデンス解説】,脳神経内科|薬|医学情報,2025-04-24T16:03:48+09:00,6714,no_image_in_head,https://hinyan1016.hatenablog.com/entry/2025/04/24/160348
6802418398375720899,標準治療を揺さぶる2025年糖尿病治療の注目論文,糖尿|医学情報,2025-04-24T17:46:49+09:00,4965,no_image_in_head,https://hinyan1016.hatenablog.com/entry/2025/04/24/174649
6802418398380904949,日本各地で異なる「処方日数」と「頓用回数」制限 – 日常診療で押さえるポイント,医学情報|薬,2025-04-26T09:28:56+09:00,12842,no_image_in_head,https://hinyan1016.hatenablog.com/entry/2025/04/26/092856
6802418398402104253,顔面肩甲上腕型筋ジストロフィー（FSHD）概説：疫学・遺伝背景・診断・治療の最新知見,脳神経内科|医学情報|初期研修医,2025-05-02T19:21:03+09:00,9592,no_image_in_head,https://hinyan1016.hatenablog.com/entry/2025/05/02/192103
6802418398404086674,CGRP関連製剤による片頭痛治療の最前線（2025年最新情報）,,2025-05-03T13:51:33+09:00,6791,no_image_in_head,https://hinyan1016.hatenablog.com/entry/2025/05/03/135133
6802418398407929045,中高生のスマホ依存（ゲーム依存・SNS依存）について,,2025-05-04T23:16:03+09:00,7830,no_image_in_head,https://hinyan1016.hatenablog.com/entry/2025/05/04/231603
6802418398416132613,ラクナ梗塞に心房細動併存！抗血栓療法の最適戦略と最新エビデンス,,2025-05-08T07:46:42+09:00,8790,no_image_in_head,https://hinyan1016.hatenablog.com/entry/2025/05/08/074642
6802418398418048298,更年期障害：最新の知見と治療戦略,,2025-05-09T08:30:37+09:00,7044,no_image_in_head,https://hinyan1016.hatenablog.com/entry/2025/05/09/083037
6802418398418049747,男性更年期の真実：症状・治療と最新エビデンスで読み解く,薬|生活|医師向け|医学情報|初期研修医|一般向け,2025-05-09T08:33:01+09:00,11214,no_image_in_head,https://hinyan1016.hatenablog.com/entry/2025/05/09/083301
6802418398419039140,低Na血症 鑑別支援ツール,AI活用|初期研修医|医師向け,2025-05-09T18:25:33+09:00,745,no_image_in_head,https://hinyan1016.hatenablog.com/entry/2025/05/09/182533
6802418398431254895,アルツハイマー型認知症治療の進歩：過去20年を振り返る,,2025-05-16T17:47:26+09:00,22966,no_image_in_head,https://hinyan1016.hatenablog.com/entry/2025/05/16/174726
6802418398432035702,多発性硬化症治療の進歩：過去20年を振り返る ,,2025-05-17T07:03:32+09:00,14386,no_image_in_head,https://hinyan1016.hatenablog.com/entry/2025/05/17/070332
6802418398432125402,視神経脊髄炎スペクトラム障害（NMOSD）診療の進歩：過去20年の治療の変遷レビュー,,2025-05-17T09:01:22+09:00,23297,no_image_in_head,https://hinyan1016.hatenablog.com/entry/2025/05/17/090122
6802418398432272973,ニホンイシガメ（Mauremys japonica）の食餌に関する包括的ガイド,,2025-05-17T11:35:54+09:00,13348,no_image_in_head,https://hinyan1016.hatenablog.com/entry/2025/05/17/113554
6802418398435001826,成人における悪夢：疫学・診断・治療の最新知見,医学情報|一般向け|薬,2025-05-18T23:41:28+09:00,11073,no_image_in_head,https://hinyan1016.hatenablog.com/entry/2025/05/18/234128
6802418398435175649,臨床栄養療法の基礎と実践：経腸・静脈栄養から合併症予防まで,栄養|医学情報,2025-05-19T04:46:56+09:00,5866,no_image_in_head,https://hinyan1016.hatenablog.com/entry/2025/05/19/044656
6802418398436017605,心房細動治療における過去20年間の変遷,,2025-05-19T19:32:55+09:00,16104,no_image_in_head,https://hinyan1016.hatenablog.com/entry/2025/05/19/193255
6802418398436019240,高齢者の身体障害認定と自立支援：医師が知っておくべき制度と実務ポイント,,2025-05-19T19:37:14+09:00,8308,no_image_in_head,https://hinyan1016.hatenablog.com/entry/2025/05/19/193714
6802418398438298962,胃管（経鼻胃管）と胃瘻の比較：臨床選択ガイド,,2025-05-21T03:34:00+09:00,7622,no_image_in_head,https://hinyan1016.hatenablog.com/entry/2025/05/21/033400
6802418398438453131,トルーソー（Trousseau）症候群,薬|脳卒中|脳神経内科|医師向け,2025-05-21T08:14:43+09:00,4383,no_image_in_head,https://hinyan1016.hatenablog.com/entry/2025/05/21/081443
6802418398440463659,NST医師のための経腸栄養概要,栄養|医師向け|医学情報,2025-05-22T15:24:35+09:00,6608,no_image_in_head,https://hinyan1016.hatenablog.com/entry/2025/05/22/152435
6802418398442301455,眼窩先端症候群 (Orbital Apex Syndrome),,2025-05-24T02:53:42+09:00,5921,no_image_in_head,https://hinyan1016.hatenablog.com/entry/2025/05/24/025342
6802418398443871440,高血圧ガイドライン（JSH2019）に基づく降圧治療アルゴリズムの詳細解説,薬|脳神経内科|医師向け|医学情報|一般向け,2025-05-25T08:51:17+09:00,8114,no_image_in_head,https://hinyan1016.hatenablog.com/entry/2025/05/25/085117
6802418398444109460,経口栄養サポートとONS活用に関する包括レビュー,医師向け|一般向け|栄養,2025-05-25T11:30:53+09:00,7608,no_image_in_head,https://hinyan1016.hatenablog.com/entry/2025/05/25/113053
6802418398444705841,利尿薬の種類と特徴：内科医向け使い分けガイド,,2025-05-25T16:26:56+09:00,7000,no_image_in_head,https://hinyan1016.hatenablog.com/entry/2025/05/25/162656
6802418398446941690,脳梗塞患者の手術前における抗血栓薬休薬の指針,薬|脳神経内科|脳卒中|医療安全|医師向け|医学情報|一般向け,2025-05-26T20:52:49+09:00,5257,no_image_in_head,https://hinyan1016.hatenablog.com/entry/2025/05/26/205249
6802418398448424336,硬膜動静脈瘻（dural AVF）の診断と治療 - 脳神経内科医による最新解説,脳神経内科|医師向け|医学情報,2025-05-27T21:08:38+09:00,8209,no_image_in_head,https://hinyan1016.hatenablog.com/entry/2025/05/27/210838
6802418398449056004,若年性脳梗塞患者における非動脈硬化性原因検索の検査まとめ,,2025-05-28T10:04:59+09:00,9077,no_image_in_head,https://hinyan1016.hatenablog.com/entry/2025/05/28/100459
6802418398449306271,外来で診る成人市中肺炎（CAP）・誤嚥性肺炎の最新治療ガイド,,2025-05-28T13:11:44+09:00,2237,no_image_in_head,https://hinyan1016.hatenablog.com/entry/2025/05/28/131144
6802418398451462013,大阪・関西万博2025：未来への羅針盤、その輝きと実像に迫る,,2025-05-30T06:39:01+09:00,20715,no_image_in_head,https://hinyan1016.hatenablog.com/entry/2025/05/30/063901
6802418398454913467,【2025年最新】話題の糖尿病薬で体重減少・脂肪肝改善？新しい治療薬の効果と安全性,,2025-06-01T04:29:14+09:00,6670,no_image_in_head,https://hinyan1016.hatenablog.com/entry/2025/06/01/042914
6802418398459066048,構音障害を伴わない嚥下障害を理解する——見逃しやすい飲み込み困難の原因と対策,,2025-06-03T23:48:59+09:00,3332,no_image_in_head,https://hinyan1016.hatenablog.com/entry/2025/06/03/234859
6802418398461703302,MRIにおけるASLのPLD差 (1525ms vs 2525ms) が臨床診断に与える影響,脳卒中|脳神経内科|医師向け|医学情報|てんかん,2025-06-05T11:34:29+09:00,6634,no_image_in_head,https://hinyan1016.hatenablog.com/entry/2025/06/05/113429
6802418398462634255,アルツハイマー型認知症患者の急性期入院中におけるせん妄への非薬物療法的対応,,2025-06-06T06:56:21+09:00,5834,no_image_in_head,https://hinyan1016.hatenablog.com/entry/2025/06/06/065621
6802418398462639616,アルツハイマー型認知症患者の急性期せん妄に対する薬物療法：エビデンスに基づく包括的ガイド,,2025-06-06T07:23:46+09:00,9391,no_image_in_head,https://hinyan1016.hatenablog.com/entry/2025/06/06/072346
6802418398464035459,せん妄患者へのトラゾドン処方に関する考察,,2025-06-07T09:40:42+09:00,6906,no_image_in_head,https://hinyan1016.hatenablog.com/entry/2025/06/07/094042
6802418398466146328,低カルシウム血症による意識障害：診断と治療戦略,,2025-06-08T14:30:30+09:00,4680,no_image_in_head,https://hinyan1016.hatenablog.com/entry/2025/06/08/143030
6802418398468674437,めまい治療の標準的アプローチ：薬物療法とリハビリテーション,,2025-06-10T07:25:18+09:00,4716,no_image_in_head,https://hinyan1016.hatenablog.com/entry/2025/06/10/072518
6802418398470029400,ビタミンB12不足と高ホモシステイン血症：忍び寄る動脈硬化のリスクとその対策,,2025-06-11T05:23:51+09:00,9650,no_image_in_head,https://hinyan1016.hatenablog.com/entry/2025/06/11/052351
6802418398470079659,Branch Atheromatous Disease (BAD) 急性期管理：早期離床とベッド上安静のエビデンスに基づくアプローチ,,2025-06-11T09:07:29+09:00,4054,no_image_in_head,https://hinyan1016.hatenablog.com/entry/2025/06/11/090729
6802418398470532882,封入体筋炎（IBM）の総合情報,,2025-06-11T16:34:35+09:00,5424,no_image_in_head,https://hinyan1016.hatenablog.com/entry/2025/06/11/163435
6802418398471356830,2005〜2025年における日本の脳神経内科領域の進歩,20年の変遷シリーズ,2025-06-12T10:31:27+09:00,8069,no_image_in_head,https://hinyan1016.hatenablog.com/entry/2025/06/12/103127
6802418398472288800,薬剤抵抗性てんかん ― 日本の保険適応で読み解く20年の進歩,,2025-06-13T07:30:32+09:00,5515,no_image_in_head,https://hinyan1016.hatenablog.com/entry/2025/06/13/030944
6802418398472332707,アルツハイマー型認知症：2005年から2025年の診断・治療の進歩,,2025-06-13T08:23:12+09:00,5492,no_image_in_head,https://hinyan1016.hatenablog.com/entry/2025/06/13/082312
6802418398472747666,多発性硬化症 ― 日本の保険適応で読み解く20年の進歩,,2025-06-13T17:59:44+09:00,5577,no_image_in_head,https://hinyan1016.hatenablog.com/entry/2025/06/13/175944
6802418398472842011,妊娠を望むてんかん患者さんへ：抗てんかん薬と葉酸補充の重要性,てんかん|薬|脳神経内科|医師向け|医学情報,2025-06-13T23:15:44+09:00,7786,no_image_in_head,https://hinyan1016.hatenablog.com/entry/2025/06/13/231544
6802418398473403361,イソプロピルアセチル尿素の危険性を徹底解説,,2025-06-14T11:03:41+09:00,4589,no_image_in_head,https://hinyan1016.hatenablog.com/entry/2025/06/14/110341
6802418398474663886,脳神経内科領域における保険適応遺伝子検査の最前線,,2025-06-15T05:31:21+09:00,5934,no_image_in_head,https://hinyan1016.hatenablog.com/entry/2025/06/15/053121
6802418398477234476,ハンチントン病：日本における臨床診療の歴史と現状,,2025-06-17T01:52:54+09:00,6856,no_image_in_head,https://hinyan1016.hatenablog.com/entry/2025/06/17/015254
6802418398477263320,尾状核梗塞：一般内科医が知っておくべき神経回路と症状の関連性,,2025-06-17T03:08:41+09:00,4127,no_image_in_head,https://hinyan1016.hatenablog.com/entry/2025/06/17/030841
6802418398477844602,クロイツフェルト・ヤコブ病（CJD）総説,,2025-06-17T15:31:13+09:00,6990,no_image_in_head,https://hinyan1016.hatenablog.com/entry/2025/06/17/153113
6802418398478906157,片頭痛治療薬の使い分け,,2025-06-18T09:48:17+09:00,5416,no_image_in_head,https://hinyan1016.hatenablog.com/entry/2025/06/18/094817
6802418398479342287,CGRP関連片頭痛治療薬「エムガルティ」「アジョビ」「アイモビーグ」の詳細解説,,2025-06-18T16:36:15+09:00,10250,no_image_in_head,https://hinyan1016.hatenablog.com/entry/2025/06/18/163615
6802418398479360267,CGRP関連薬以外の片頭痛予防薬：使い分けとエビデンス,,2025-06-19T00:31:00+09:00,8300,no_image_in_head,https://hinyan1016.hatenablog.com/entry/2025/06/19/003100
6802418398479987938,片頭痛の急性期治療薬まとめ ～非専門医にもわかる解説～,,2025-06-19T03:26:18+09:00,7906,no_image_in_head,https://hinyan1016.hatenablog.com/entry/2025/06/19/032618
6802418398480060052,パーキンソン病 ― 日本の保険適応で読み解く20年の進歩,,2025-06-19T08:26:53+09:00,7960,no_image_in_head,https://hinyan1016.hatenablog.com/entry/2025/06/19/082653
6802418398480130015,高齢者NCSEとIICパターンの治療戦略 – 最新エビデンスまとめ,,2025-06-19T10:23:21+09:00,6023,no_image_in_head,https://hinyan1016.hatenablog.com/entry/2025/06/19/102321
6802418398480451565,p-tau217：アルツハイマー型認知症バイオマーカーの詳細解説,,2025-06-19T15:44:31+09:00,4935,no_image_in_head,https://hinyan1016.hatenablog.com/entry/2025/06/19/154431
6802418398481548886,前脈絡叢動脈領域脳梗塞,,2025-06-21T02:37:39+09:00,6986,no_image_in_head,https://hinyan1016.hatenablog.com/entry/2025/06/21/023739
6802418398482404611,Gerstmann症候群の総説,,2025-06-21T04:27:16+09:00,4401,no_image_in_head,https://hinyan1016.hatenablog.com/entry/2025/06/21/042716
6802418398484554180,2型糖尿病診断と治療の20年の進歩（2005〜2025年） – 公的医療保険制度の視点から,,2025-06-22T20:41:36+09:00,7675,no_image_in_head,https://hinyan1016.hatenablog.com/entry/2025/06/22/204136
6802418398488692956,一般内科医のためのたこつぼ心筋症解説,医師向け|医学情報,2025-06-26T12:42:37+09:00,6378,no_image_in_head,https://hinyan1016.hatenablog.com/entry/2025/06/26/124237
6802418398489529369,脳神経内科学の進歩と展望：激動の20年を読み解き、未来の課題に挑む,20年の変遷シリーズ|脳神経内科,2025-06-27T08:28:41+09:00,19051,no_image_in_head,https://hinyan1016.hatenablog.com/entry/2025/06/27/082841
6802418398497050877,てんかん診療の過去20年における進歩と今後の展望：診断、治療、病態解明から社会的課題まで,20年の変遷シリーズ|てんかん|医学情報|脳神経内科|薬,2025-07-02T09:17:38+09:00,18684,no_image_in_head,https://hinyan1016.hatenablog.com/entry/2025/07/02/091738
6802418398495991845,日本の片頭痛治療における20年の進歩と今後の展望：トリプタンからCGRP関連製剤、そして個別化医療へ,医学情報|脳神経内科|頭痛|薬|医師向け|20年の変遷シリーズ,2025-07-02T09:24:47+09:00,7765,no_image_in_head,https://hinyan1016.hatenablog.com/entry/2025/07/02/092447
6802418398496448886,パーキンソン病治療の20年：飛躍的進歩と未来への挑戦,20年の変遷シリーズ|脳神経内科|医学情報|医師向け|パーキンソン病,2025-07-04T07:05:03+09:00,11366,no_image_in_head,https://hinyan1016.hatenablog.com/entry/2025/07/04/070503
6802418398501876531,βブロッカー処方の新常識：循環器から神経・精神領域まで、明日から使える実践ガイド,薬|医学情報|医師向け,2025-07-06T14:07:42+09:00,13901,no_image_in_head,https://hinyan1016.hatenablog.com/entry/2025/07/06/140742
6802418398504000395,上手な写真の撮り方：初心者でもプロのような一枚を！,,2025-07-08T05:59:20+09:00,2765,no_image_in_head,https://hinyan1016.hatenablog.com/entry/2025/07/08/055920
6802418398504009996,はじめての漢方薬｜科学的根拠と選び方、副作用の全知識,薬|医師向け|医学情報|一般向け,2025-07-08T07:07:08+09:00,15610,no_image_in_head,https://hinyan1016.hatenablog.com/entry/2025/07/08/070708
6802418398506529548,【2025年最新版】頚椎症の診断と治療：ガイドラインとエビデンスに基づく臨床実践ガイド（頚椎症性脊髄症・神経根症）,医師向け|医学情報,2025-07-11T06:20:58+09:00,18053,no_image_in_head,https://hinyan1016.hatenablog.com/entry/2025/07/10/105732
6802418398507569868,プレセプシン（Presepsin）の最新エビデンス調査,感染症|医学情報|医師向け,2025-07-11T08:32:35+09:00,14705,no_image_in_head,https://hinyan1016.hatenablog.com/entry/2025/07/11/083235
6802418398508777892,自立支援制度を利用すると本当に得か？自立支援制度シミュレーター作ってみた！,一般向け|医学情報,2025-07-12T16:57:17+09:00,683,no_image_in_head,https://hinyan1016.hatenablog.com/entry/2025/07/12/165717
6802418398509623996,パーキンソン病に対するiPS細胞治療：最新の臨床試験データと実用化への道筋,医学情報|脳神経内科|パーキンソン病,2025-07-13T10:30:37+09:00,28497,no_image_in_head,https://hinyan1016.hatenablog.com/entry/2025/07/13/103037
6802418398509652332,奇跡の細胞「iPS細胞」物語：ゼロから未来の医療を創る,医学情報|一般向け,2025-07-13T11:08:49+09:00,16114,no_image_in_head,https://hinyan1016.hatenablog.com/entry/2025/07/13/110849
6802418398511301968,握った瞬間だけ手がしびれる？ 動態評価で迫る「虫様筋侵入型」手根管症候群,医学情報|医師向け|生活,2025-07-15T03:36:35+09:00,12404,no_image_in_head,https://hinyan1016.hatenablog.com/entry/2025/07/15/033635
6802418398516877789,ブリバラセタムとは？効果・副作用・用量を専門医が解説,,2025-07-20T09:58:33+09:00,5227,no_image_in_head,https://hinyan1016.hatenablog.com/entry/2025/07/20/095833
6802418398517573323,【2025年版】群発頭痛の診断と治療：保険診療の壁を越えるエビデンスと実践ガイド,頭痛|薬|脳神経内科|医師向け|医学情報,2025-07-20T22:50:18+09:00,17818,no_image_in_head,https://hinyan1016.hatenablog.com/entry/2025/07/20/225018
6802418398519285845,一過性全健忘（TGA）における海馬 DWI 高信号の理解ポイント,脳神経内科,2025-07-22T22:35:43+09:00,2194,no_image_in_head,https://hinyan1016.hatenablog.com/entry/2025/07/22/223543
6802418398519420188,TAVI時代の脳卒中マネジメント完全ガイド：抗血栓療法と急性期治療の最新エビデンス,医療安全|医学情報|医師向け,2025-07-23T01:08:56+09:00,17340,no_image_in_head,https://hinyan1016.hatenablog.com/entry/2025/07/23/010856
6802418398520864917,ブリバラセタム静注製剤のてんかん重積への応用：海外データのまとめ,薬|てんかん,2025-07-24T15:33:38+09:00,5525,no_image_in_head,https://hinyan1016.hatenablog.com/entry/2025/07/24/153338
6802418398529430776,糖尿病と末梢性顔面神経麻痺を理解する：発症の仕組みと治療選択肢,医学情報|医師向け|糖尿|脳神経内科,2025-08-01T08:33:31+09:00,6324,no_image_in_head,https://hinyan1016.hatenablog.com/entry/2025/08/01/083331
6802418398533282394,2025年夏〜2026年の神経内科トレンド総予測：日本と世界の最新動向,医学情報|AI活用,2025-08-03T23:41:30+09:00,4068,no_image_in_head,https://hinyan1016.hatenablog.com/entry/2025/08/03/234130
6802418398533376232,2025年7月に発表された注目の神経学論文,脳神経内科|医学情報,2025-08-04T01:15:12+09:00,9384,no_image_in_head,https://hinyan1016.hatenablog.com/entry/2025/08/04/011512
6802418398534947026,パワハラと適正な指導の境界線を考える,医療安全|一般向け,2025-08-05T13:30:45+09:00,10480,no_image_in_head,https://hinyan1016.hatenablog.com/entry/2025/08/05/133045
6802418398535246964,GLP-1ダイエット：痩せる注射の科学的根拠と安全性,栄養|生活|糖尿|肥満,2025-08-05T22:21:02+09:00,9315,no_image_in_head,https://hinyan1016.hatenablog.com/entry/2025/08/05/222102
6802418398537210349,肝性脳症の画像所見 – 脳内で起こる変化を捉える,,2025-08-07T21:21:26+09:00,3674,no_image_in_head,https://hinyan1016.hatenablog.com/entry/2025/08/07/212126
6802418398537219711,肝性脳症（Hepatic Encephalopathy: HE）完全ガイド 2025年版,脳神経内科|医師向け|医学情報,2025-08-07T22:16:58+09:00,14028,no_image_in_head,https://hinyan1016.hatenablog.com/entry/2025/08/07/221658
6802418398537224780,てんかん患者における傷病手当金診断書作成の包括的ガイド：医学的・倫理的・実践的フレームワーク,脳神経内科|生活,2025-08-08T08:35:19+09:00,16849,no_image_in_head,https://hinyan1016.hatenablog.com/entry/2025/08/08/083519
6802418398539734503,脳梗塞の再発を防ぐためにできること：合わせ技が鍵,医師向け|医学情報|脳卒中|脳神経内科|生活|糖尿,2025-08-10T13:47:06+09:00,7041,no_image_in_head,https://hinyan1016.hatenablog.com/entry/2025/08/10/134706
6802418398547146078,牛肉のA5ランクとは？格付けの基準と近江牛などブランド牛の魅力,,2025-08-15T06:51:35+09:00,9788,no_image_in_head,https://hinyan1016.hatenablog.com/entry/2025/08/15/065135
6802418398553833277,CRISPR/Cas9の仕組みと最新動向（2025年）,基礎医学|一般向け,2025-08-19T20:41:55+09:00,5168,no_image_in_head,https://hinyan1016.hatenablog.com/entry/2025/08/19/204155
6802418398558080622,ニキビ（尋常性ざ瘡）の治療,医学情報|薬|生活,2025-08-23T07:47:14+09:00,2851,no_image_in_head,https://hinyan1016.hatenablog.com/entry/2025/08/22/210542
6802418398573732919,妊娠中の抗てんかん薬と催奇形性リスク：最新エビデンスとガイドライン比較,,2025-09-02T15:29:42+09:00,25857,no_image_in_head,https://hinyan1016.hatenablog.com/entry/2025/09/02/152942
6802418398574088410,視床梗塞によるめまい：見落とされやすい中枢性めまいの理解,脳卒中|脳神経内科|医師向け|医学情報,2025-09-02T19:07:16+09:00,7831,no_image_in_head,https://hinyan1016.hatenablog.com/entry/2025/09/02/190716
6802888565212008302,高齢者の高ナトリウム血症: 鑑別診断と疾患別治療アクションプラン,医学情報|医師向け,2025-09-03T09:29:38+09:00,15186,no_image_in_head,https://hinyan1016.hatenablog.com/entry/2025/09/03/092938
6802888565217784853,スピーチバルブ（音声弁）に関する総説,,2025-09-06T05:26:55+09:00,4724,no_image_in_head,https://hinyan1016.hatenablog.com/entry/2025/09/06/052655
6802888565223575031,警察の「呼気アルコール濃度」と神経症状の関係 —救急外来で血中濃度が測れないときの推定も含めて—,脳神経内科|医師向け|医学情報,2025-09-09T07:34:55+09:00,4030,no_image_in_head,https://hinyan1016.hatenablog.com/entry/2025/09/09/073455
6802888565223751751,LGI1およびNMDAR抗体脳炎における早期免疫療法：長期発作および機能的転帰への影響,薬|脳神経内科|医師向け|医学情報|てんかん,2025-09-09T10:34:01+09:00,17023,no_image_in_head,https://hinyan1016.hatenablog.com/entry/2025/09/09/103401
6802888565224110885,GLP-1受容体作動薬による脳卒中抑制効果の最新メタ解析（2025年更新）,薬|脳神経内科|脳卒中|糖尿|肥満|医師向け|医学情報,2025-09-09T15:33:32+09:00,10648,no_image_in_head,https://hinyan1016.hatenablog.com/entry/2025/09/09/153332
6802888565230370160,新規発症難治性てんかん重積状態（NORSE）包括レビュー,てんかん|医学情報|脳神経内科|薬,2025-09-14T07:06:16+09:00,11306,no_image_in_head,https://hinyan1016.hatenablog.com/entry/2025/09/14/070616
6802888565233321439,診療支援AIの国際的な活用状況,,2025-09-15T07:23:22+09:00,14410,no_image_in_head,https://hinyan1016.hatenablog.com/entry/2025/09/15/072322
6802888565235866864,肥満症は脳卒中のリスクになるか？ ～最新エビデンスと予防策～,脳神経内科|脳卒中|肥満|一般向け|医学情報,2025-09-16T12:30:19+09:00,7523,no_image_in_head,https://hinyan1016.hatenablog.com/entry/2025/09/16/123019
6802888565236418465,成人てんかんと睡眠：最新の知見,てんかん|医学情報|脳神経内科,2025-09-16T19:12:31+09:00,8377,no_image_in_head,https://hinyan1016.hatenablog.com/entry/2025/09/16/191231
6802888565237146188,POEMS症候群総説：疫学から治療まで,脳神経内科|薬|医師向け|医学情報,2025-09-17T06:12:30+09:00,15998,no_image_in_head,https://hinyan1016.hatenablog.com/entry/2025/09/17/061230
6802888565241143774,虚血性V4椎骨動脈解離のフォローアップ,薬|脳神経内科|脳卒中|医学情報|医師向け,2025-09-19T08:37:53+09:00,9357,no_image_in_head,https://hinyan1016.hatenablog.com/entry/2025/09/19/083753
6802888565252131513,術後に発症・増悪する周期性四肢運動異常症（PLMD）の診断と治療：鉄代謝の役割,脳神経内科|医師向け|医学情報,2025-09-24T14:53:35+09:00,14715,no_image_in_head,https://hinyan1016.hatenablog.com/entry/2025/09/24/145335
6802888565264238669,脳梗塞の再発予防、その「胃薬」の選択が命運を分ける？医師が解説する3つの意外な落とし穴（一般向け）,一般向け|脳卒中|薬,2025-09-30T18:56:49+09:00,3334,no_image_in_head,https://hinyan1016.hatenablog.com/entry/2025/09/30/185649
6802888565265733310,薬剤性無菌性髄膜炎（DIAM）総説,,2025-10-01T09:08:34+09:00,12732,no_image_in_head,https://hinyan1016.hatenablog.com/entry/2025/10/01/090834
6802888565265735201,その激しい頭痛、いつもの薬が原因かも？医師も知らないと見逃す「薬剤性無菌性髄膜炎」5つの真実（一般向け）,一般向け|脳神経内科|薬|感染症|医学情報,2025-10-01T09:10:49+09:00,3488,no_image_in_head,https://hinyan1016.hatenablog.com/entry/2025/10/01/091049
6802888565271050771,「いつもの薬がない?」ジルチアゼム供給不足の裏で起きていた、3つの驚きの事実,薬|医学情報,2025-10-03T19:26:50+09:00,3234,no_image_in_head,https://hinyan1016.hatenablog.com/entry/2025/10/03/192650
6802888565272314020,てんかん発作と乳酸アシドーシスの関連,,2025-10-04T06:37:17+09:00,7054,no_image_in_head,https://hinyan1016.hatenablog.com/entry/2025/10/04/063717
6802888565272474855,ミトコンドリア脳筋症（Mitochondrial Encephalomyopathy）総説,てんかん|医学情報|医師向け|脳神経内科,2025-10-04T09:23:56+09:00,18486,no_image_in_head,https://hinyan1016.hatenablog.com/entry/2025/10/04/092356
6802888565290397618,副腎白質ジストロフィー(ALD)総説,脳神経内科|医師向け|医学情報,2025-10-19T05:09:31+09:00,11765,no_image_in_head,https://hinyan1016.hatenablog.com/entry/2025/10/19/050931
6802888565291699308,京都市、2026年3月から宿泊税引き上げへ – 背景と新制度の詳細,,2025-10-19T07:13:54+09:00,6889,no_image_in_head,https://hinyan1016.hatenablog.com/entry/2025/10/19/071354
6802888565297668024,電気けいれん療法（ECT）総説 ― 医療従事者のための基礎知識と最新動向,医師向け|医学情報|AI活用,2025-10-25T07:00:34+09:00,12324,no_image_in_head,https://hinyan1016.hatenablog.com/entry/2025/10/25/070034
6802888565300846715,V180I変異による遺伝性クロイツフェルト・ヤコブ病（gCJD）の概要と最新知見,脳神経内科|医学情報|認知症,2025-10-27T19:55:15+09:00,12170,no_image_in_head,https://hinyan1016.hatenablog.com/entry/2025/10/27/195515
17179246901307699152,🧠 運動分解（decomposition）と測定障害（dysmetria）の違い,,2025-10-30T18:04:17+09:00,1334,no_image_in_head,https://hinyan1016.hatenablog.com/entry/2025/10/30/180417
17179246901310366056,脊髄梗塞の総説：疫学から予防まで,,2025-11-02T12:27:08+09:00,12860,no_image_in_head,https://hinyan1016.hatenablog.com/entry/2025/11/02/122708
17179246901310649451,沼・池・湖・潟の違いを自然地理学の視点から解説,,2025-11-02T18:49:32+09:00,6920,no_image_in_head,https://hinyan1016.hatenablog.com/entry/2025/11/02/184932
17179246901312223080,YahrⅡ度・自立ADL＋うつ合併パーキンソン病：再就労では身体障害と精神障害のどちらを優先するか,,2025-11-05T12:02:20+09:00,2317,no_image_in_head,https://hinyan1016.hatenablog.com/entry/2025/11/05/120220
17179246901312381021,2025年インフルエンザ流行状況：早期流行の傾向と対策,,2025-11-05T16:54:06+09:00,11056,no_image_in_head,https://hinyan1016.hatenablog.com/entry/2025/11/05/165406
17179246901324310834,【徹底解説】パフェ・サンデーの違いを完全理解！スイーツの歴史と定義,生活|栄養,2025-11-23T09:57:13+09:00,3757,no_image_in_head,https://hinyan1016.hatenablog.com/entry/2025/11/23/095713
17179246901333012213,昭和（1980年代）と令和（2020年代）の社会科（歴史分野）教科書の比較,一般向け,2025-12-15T17:12:46+09:00,9340,no_image_in_head,https://hinyan1016.hatenablog.com/entry/2025/12/15/171246
17179246901336497802,繰り返される頭部衝撃の長期影響：認知機能低下とパーキンソニズムに関する最新エビデンス,脳神経内科|医学情報|医師向け|生活|パーキンソン病|認知症,2025-12-25T15:59:47+09:00,10715,no_image_in_head,https://hinyan1016.hatenablog.com/entry/2025/12/25/155947
17179246901339033871,医学に直接関係のない最近の動画まとめ,まとめ記事|一般向け,2026-01-01T11:03:01+09:00,716,no_image_in_head,https://hinyan1016.hatenablog.com/entry/2026/01/01/110301
17179246901342961526,電気自動車は本当に環境に良い選択か？総合的な考察,日常の疑問|一般向け,2026-01-11T19:08:50+09:00,13866,no_image_in_head,https://hinyan1016.hatenablog.com/entry/2026/01/11/190850
17179246901344397121,医学と関係ない動画まとめ,まとめ|日常の疑問|社会問題,2026-01-16T01:40:38+09:00,1369,no_image_in_head,https://hinyan1016.hatenablog.com/entry/2026/01/16/014038
17179246901344817682,カルバマゼピンの薬物相互作用：機序・臨床意義と対策,薬|脳神経内科|てんかん,2026-01-17T08:54:22+09:00,16534,no_image_in_head,https://hinyan1016.hatenablog.com/entry/2026/01/17/085422
17179246901348165695,日本の税制の最適解：2026年以降の社会・経済環境を踏まえて,日常の疑問|一般向け,2026-01-27T01:21:56+09:00,17205,no_image_in_head,https://hinyan1016.hatenablog.com/entry/2026/01/27/012156
17179246901352864770,認知機能検査で不合格になった高齢運転者に関して：「第1分類」患者への診察と対応ガイド,脳神経内科|認知症|生活|社会問題|医師向け,2026-02-09T21:01:30+09:00,14542,no_image_in_head,https://hinyan1016.hatenablog.com/entry/2026/02/09/210130
17179246901360322442,眼瞼けいれん（ブレファロスパズム）の実践的総説,脳神経内科|薬|医学情報|医師向け,2026-03-03T05:19:16+09:00,8101,no_image_in_head,https://hinyan1016.hatenablog.com/entry/2026/03/03/051916
17179246901360758546,脳神経内科医がよく遭遇する「誤解」10選 — 外来で何度も説明すること,脳神経内科10選シリーズ|脳神経内科|日常の疑問|一般向け|医学情報|医師向け,2026-03-04T10:35:56+09:00,3162,no_image_in_head,https://hinyan1016.hatenablog.com/entry/2026/03/04/103556
17179246901366638982,蘇生後の高次脳機能障害 ― 病態、臨床像、評価、予後、リハビリテーション ―,脳神経内科|医学情報|医師向け,2026-03-19T07:35:29+09:00,11514,no_image_in_head,https://hinyan1016.hatenablog.com/entry/2026/03/19/073529
17179246901366912092,片麻痺患者の胃管留置で「咽頭交差」を意識する,,2026-03-19T21:05:03+09:00,4968,no_image_in_head,https://hinyan1016.hatenablog.com/entry/2026/03/19/210503
17179246901367138398,高カルシウム血症の鑑別診断：PTHを軸にした実践的アプローチ,,2026-03-20T12:51:43+09:00,7763,no_image_in_head,https://hinyan1016.hatenablog.com/entry/2026/03/20/125143
17179246901367316396,MMTから神経障害部位を推測する ― 脊髄レベル・末梢神経・腕神経叢の局在診断,,2026-03-20T23:34:00+09:00,7735,no_image_in_head,https://hinyan1016.hatenablog.com/entry/2026/03/20/233400
17179246901368126684,YouTube動画 特集 ─ 鑑別診断シリーズ &amp; 医学教育コンテンツ,まとめ|まとめ記事|医学情報|ツール|脳神経内科,2026-03-23T05:16:17+09:00,2413,no_image_in_head,https://hinyan1016.hatenablog.com/entry/2026/03/23/051617
17179246901370893311,三叉神経痛 ― 神経内科医視点の鑑別診断と治療戦略,医学教育|神経内科|三叉神経痛,2026-03-30T18:55:36+09:00,7410,no_image_in_head,https://hinyan1016.hatenablog.com/entry/2026/03/30/185536
17179246901370833624,若年ミオクロニーてんかん（JME）― 見逃されやすい思春期てんかんの診断と最新治療戦略,医学教育|てんかん|神経内科|鑑別診断,2026-03-30T18:56:14+09:00,7317,no_image_in_head,https://hinyan1016.hatenablog.com/entry/2026/03/30/185614
17179246901371022240,Tolosa-Hunt症候群（有痛性眼筋麻痺）：診断基準・鑑別診断・治療を徹底解説,脳神経内科|医師向け,2026-03-31T00:17:31+09:00,6025,no_image_in_head,https://hinyan1016.hatenablog.com/entry/2026/03/31/001731
17179246901371557759,「あの人の名前が出てこない」は認知症のサインか？ ― &quot;ふつうの物忘れ&quot;との違い,一般向け|脳神経内科|認知症|からだの不思議シリーズ|からだの不思議,2026-04-01T23:00:38+09:00,3979,no_image_in_head,https://hinyan1016.hatenablog.com/entry/2026/04/01/230038
17179246901371583924,「手がしびれて目が覚めた」の正体 ― 朝のしびれの原因と受診のタイミング,しびれ|医学教育|からだの不思議,2026-04-03T21:43:01+09:00,5460,no_image_in_head,https://hinyan1016.hatenablog.com/entry/2026/04/03/214301
17179246901371583942,めまいの種類を脳神経内科医が解説 ― 回転性・浮動性・立ちくらみの見分け方,めまい|医学教育|からだの不思議,2026-04-05T04:51:04+09:00,4897,no_image_in_head,https://hinyan1016.hatenablog.com/entry/2026/04/05/045104
17179246901371583952,ストレスで本当に体は動かなくなるのか ― 「機能性神経障害」の真実,機能性神経障害|医学教育|からだの不思議,2026-04-05T22:24:36+09:00,5396,no_image_in_head,https://hinyan1016.hatenablog.com/entry/2026/04/05/081707
17179246901374671149,【2026年4月】YouTube動画まとめ｜からだの不思議・鑑別診断・脳神経内科 - Hisajiチャンネル,まとめ記事|YouTube|脳神経内科,2026-04-09T17:41:19+09:00,3513,no_image_in_head,https://hinyan1016.hatenablog.com/entry/2026/04/09/174119
17179246901378951746,2026年上半期 内科Practice-Changing論文14選 — Less is More / 上流介入 / 予防医療進化の3潮流,医学論文|内科|NEJM|Lancet|JAMA,2026-04-21T11:32:03+09:00,9710,no_image_in_head,https://hinyan1016.hatenablog.com/entry/2026/04/21/113203
