source_url,source_title,source_entry_id,broken_link_pattern,match_count,matches
https://hinyan1016.hatenablog.com/entry/2026/04/07/104819,目がピクピクする ― 放置していいのか？ まぶたの痙攣を脳神経内科医が解説,17179246901372000461,/entry/2026/04/04/073318,1,"href=""https://hinyan1016.hatenablog.com/entry/2026/04/04/073318"""
https://hinyan1016.hatenablog.com/entry/2026/04/07/104819,目がピクピクする ― 放置していいのか？ まぶたの痙攣を脳神経内科医が解説,17179246901372000461,/entry/2026/03/27/213946,1,"href=""https://hinyan1016.hatenablog.com/entry/2026/03/27/213946"""
https://hinyan1016.hatenablog.com/entry/2026/04/05/081707,ストレスで本当に体は動かなくなるのか ― 「機能性神経障害」の真実,17179246901371583952,01_forgetfulness_vs_dementia_blog.html,1,"href=""01_forgetfulness_vs_dementia_blog.html"""
https://hinyan1016.hatenablog.com/entry/2026/04/05/081707,ストレスで本当に体は動かなくなるのか ― 「機能性神経障害」の真実,17179246901371583952,02_migraine_5_things_blog.html,1,"href=""02_migraine_5_things_blog.html"""
https://hinyan1016.hatenablog.com/entry/2026/04/05/045104,めまいの種類を脳神経内科医が解説 ― 回転性・浮動性・立ちくらみの見分け方,17179246901371583942,01_forgetfulness_vs_dementia_blog.html,1,"href=""01_forgetfulness_vs_dementia_blog.html"""
https://hinyan1016.hatenablog.com/entry/2026/04/05/045104,めまいの種類を脳神経内科医が解説 ― 回転性・浮動性・立ちくらみの見分け方,17179246901371583942,02_migraine_5_things_blog.html,1,"href=""02_migraine_5_things_blog.html"""
https://hinyan1016.hatenablog.com/entry/2026/04/05/045104,めまいの種類を脳神経内科医が解説 ― 回転性・浮動性・立ちくらみの見分け方,17179246901371583942,03_sleep_disorders_blog.html,1,"href=""03_sleep_disorders_blog.html"""
https://hinyan1016.hatenablog.com/entry/2026/04/03/214301,「手がしびれて目が覚めた」の正体 ― 朝のしびれの原因と受診のタイミング,17179246901371583924,/entry/2026/03/27/213946,1,"href=""https://hinyan1016.hatenablog.com/entry/2026/03/27/213946"""
https://hinyan1016.hatenablog.com/entry/2026/04/02/192008,片頭痛持ちが知っておくべき5つのこと ― 「我慢しない」ための知識,17179246901371583907,01_forgetfulness_vs_dementia_blog.html,1,"href=""01_forgetfulness_vs_dementia_blog.html"""
https://hinyan1016.hatenablog.com/entry/2026/03/23/050423,3月23日　新着記事 & 特集,17179246901368124243,/entry/2026/03/05/external_seizure_prophylaxis,2,"href=""https://hinyan1016.hatenablog.com/entry/2026/03/05/external_seizure_prophylaxis""; href=""https://hinyan1016.hatenablog.com/entry/2026/03/05/external_seizure_prophylaxis"""
https://hinyan1016.hatenablog.com/entry/2026/03/23/050423,3月23日　新着記事 & 特集,17179246901368124243,/entry/2026/03/05/arachnoid_cyst,2,"href=""https://hinyan1016.hatenablog.com/entry/2026/03/05/arachnoid_cyst""; href=""https://hinyan1016.hatenablog.com/entry/2026/03/05/arachnoid_cyst"""
https://hinyan1016.hatenablog.com/entry/2026/03/23/050423,3月23日　新着記事 & 特集,17179246901368124243,/entry/2026/03/05/vestibular_rehab,2,"href=""https://hinyan1016.hatenablog.com/entry/2026/03/05/vestibular_rehab""; href=""https://hinyan1016.hatenablog.com/entry/2026/03/05/vestibular_rehab"""
https://hinyan1016.hatenablog.com/entry/2026/03/23/050423,3月23日　新着記事 & 特集,17179246901368124243,/entry/2026/03/05/transfer_family,2,"href=""https://hinyan1016.hatenablog.com/entry/2026/03/05/transfer_family""; href=""https://hinyan1016.hatenablog.com/entry/2026/03/05/transfer_family"""
https://hinyan1016.hatenablog.com/entry/2026/03/21/033227,3月20日　新着記事 & 特集,17179246901367351026,/entry/2026/03/05/external_seizure_prophylaxis,2,"href=""https://hinyan1016.hatenablog.com/entry/2026/03/05/external_seizure_prophylaxis""; href=""https://hinyan1016.hatenablog.com/entry/2026/03/05/external_seizure_prophylaxis"""
https://hinyan1016.hatenablog.com/entry/2026/03/21/033227,3月20日　新着記事 & 特集,17179246901367351026,/entry/2026/03/05/arachnoid_cyst,2,"href=""https://hinyan1016.hatenablog.com/entry/2026/03/05/arachnoid_cyst""; href=""https://hinyan1016.hatenablog.com/entry/2026/03/05/arachnoid_cyst"""
https://hinyan1016.hatenablog.com/entry/2026/03/21/033227,3月20日　新着記事 & 特集,17179246901367351026,/entry/2026/03/05/vestibular_rehab,2,"href=""https://hinyan1016.hatenablog.com/entry/2026/03/05/vestibular_rehab""; href=""https://hinyan1016.hatenablog.com/entry/2026/03/05/vestibular_rehab"""
https://hinyan1016.hatenablog.com/entry/2026/03/21/033227,3月20日　新着記事 & 特集,17179246901367351026,/entry/2026/03/05/transfer_family,2,"href=""https://hinyan1016.hatenablog.com/entry/2026/03/05/transfer_family""; href=""https://hinyan1016.hatenablog.com/entry/2026/03/05/transfer_family"""
https://hinyan1016.hatenablog.com/entry/2026/03/18/113009,3月18日新着記事＆特集,17179246901366142013,/entry/2026/03/05/external_seizure_prophylaxis,2,"href=""https://hinyan1016.hatenablog.com/entry/2026/03/05/external_seizure_prophylaxis""; href=""https://hinyan1016.hatenablog.com/entry/2026/03/05/external_seizure_prophylaxis"""
https://hinyan1016.hatenablog.com/entry/2026/03/18/113009,3月18日新着記事＆特集,17179246901366142013,/entry/2026/03/05/arachnoid_cyst,2,"href=""https://hinyan1016.hatenablog.com/entry/2026/03/05/arachnoid_cyst""; href=""https://hinyan1016.hatenablog.com/entry/2026/03/05/arachnoid_cyst"""
https://hinyan1016.hatenablog.com/entry/2026/03/18/113009,3月18日新着記事＆特集,17179246901366142013,/entry/2026/03/05/vestibular_rehab,2,"href=""https://hinyan1016.hatenablog.com/entry/2026/03/05/vestibular_rehab""; href=""https://hinyan1016.hatenablog.com/entry/2026/03/05/vestibular_rehab"""
https://hinyan1016.hatenablog.com/entry/2026/03/18/113009,3月18日新着記事＆特集,17179246901366142013,/entry/2026/03/05/transfer_family,2,"href=""https://hinyan1016.hatenablog.com/entry/2026/03/05/transfer_family""; href=""https://hinyan1016.hatenablog.com/entry/2026/03/05/transfer_family"""
https://hinyan1016.hatenablog.com/entry/2025/05/08/172958,後部皮質萎縮症(PCA)とは？アルツハイマー病の視覚型認知症,6802418398417184425,alzheimer-disease,1,"href=""/alzheimer-disease"""
