entry_id,title,status,detail,changes
17179246901372000461,目がピクピクする,ok,2 links removed,2
17179246901371583952,ストレスで本当に体は動かなくなるのか,ok,2 links removed,2
17179246901371583942,めまいの種類を脳神経内科医が解説,ok,3 links removed,3
17179246901371583924,手がしびれて目が覚めた,ok,1 links removed,1
17179246901371583907,片頭痛持ちが知っておくべき5つのこと,ok,1 links removed,1
17179246901368124243,3月23日 新着記事 & 特集,ok,8 links removed,8
17179246901367351026,3月20日 新着記事 & 特集,ok,8 links removed,8
17179246901366142013,3月18日新着記事＆特集,ok,8 links removed,8
6802418398417184425,後部皮質萎縮症(PCA)とは？,ok,1 links removed,1
