timestamp,entry_id,url,title,status,detail,replaced,verify
2026-04-19 21:00:59,17179246901377558729,https://hinyan1016.hatenablog.com/entry/2026/04/17/182021,けいれんを目撃したときの正しい対応 ― やってはいけないことと救急車を呼ぶ判断【からだの不思議 #16】,ok,置換 1件,1,ok: ISO 8601確認
2026-04-19 21:01:08,17179246901377325137,https://hinyan1016.hatenablog.com/entry/2026/04/17/063136,【2025年最新】高血圧の新基準と減塩対策 ― 日本人の3人に1人が該当する「沈黙の殺し屋」を徹底解説,ok,置換 1件,1,ok: ISO 8601確認
2026-04-19 21:08:46,17179246901372000545,https://hinyan1016.hatenablog.com/entry/2026/04/18/085038,認知症の親を病院に連れて行くには ― 受診を嫌がる場合の対処法【からだの不思議 #17】,ok,置換 1件,1,ok: ISO 8601確認
2026-04-19 21:08:47,17179246901377558729,https://hinyan1016.hatenablog.com/entry/2026/04/17/182021,けいれんを目撃したときの正しい対応 ― やってはいけないことと救急車を呼ぶ判断【からだの不思議 #16】,skip_already_iso,既にISO形式 (1件),0,
2026-04-19 21:08:48,17179246901377325137,https://hinyan1016.hatenablog.com/entry/2026/04/17/063136,【2025年最新】高血圧の新基準と減塩対策 ― 日本人の3人に1人が該当する「沈黙の殺し屋」を徹底解説,skip_already_iso,既にISO形式 (1件),0,
2026-04-19 21:08:51,17179246901377207371,https://hinyan1016.hatenablog.com/entry/2026/04/16/193734,ミネブロ（エサキセレノン）徹底解説｜MRA4剤比較と臨床での使い分け,ok,置換 1件,1,ok: ISO 8601確認
2026-04-19 21:08:54,17179246901372000531,https://hinyan1016.hatenablog.com/entry/2026/04/15/104135,「最近つまずきやすい」は脳の問題？ ― 歩行とつまずきの原因を解剖学レベルで解説【からだの不思議 #15】,ok,置換 1件,1,ok: ISO 8601確認
2026-04-19 21:08:57,17179246901372000527,https://hinyan1016.hatenablog.com/entry/2026/04/14/200622,しびれが出たら何科？ ― 脳神経内科・整形外科・内科の使い分け,ok,置換 1件,1,ok: ISO 8601確認
2026-04-19 21:09:01,17179246901376311807,https://hinyan1016.hatenablog.com/entry/2026/04/14/063202,お風呂で決まって意識を失う — 入浴てんかんの正体と安全対策を脳神経内科医が解説,ok,置換 1件,1,ok: ISO 8601確認
2026-04-19 21:09:04,17179246901372000485,https://hinyan1016.hatenablog.com/entry/2026/04/12/200741,"お酒を飲むと記憶がなくなる理由 ― ""ブラックアウト""のメカニズムを脳神経内科医が解説",ok,置換 1件,1,ok: ISO 8601確認
2026-04-19 21:09:07,17179246901372000480,https://hinyan1016.hatenablog.com/entry/2026/04/11/083220,利き手はなぜ決まるのか？ ― 脳の左右非対称と遺伝のしくみ,ok,置換 1件,1,ok: ISO 8601確認
2026-04-19 21:09:10,17179246901374656842,https://hinyan1016.hatenablog.com/entry/2026/04/10/163620,OCEANIC-STROKE試験の衝撃 ― XIa因子阻害薬asundexianが脳梗塞二次予防を変える,ok,置換 1件,1,ok: ISO 8601確認
2026-04-19 21:09:12,17179246901372000475,https://hinyan1016.hatenablog.com/entry/2026/04/10/162330,脳は「痛い」と感じない？ ― 脳神経内科医が解説する痛みの仕組みと頭痛の正体,ok,置換 1件,1,ok: ISO 8601確認
2026-04-19 21:09:16,17179246901374895629,https://hinyan1016.hatenablog.com/entry/2026/04/10/141419,令和8年度診療報酬改定の全体像 ― +3.09%改定の内訳と医科の主要変更点を徹底解説,ok,置換 1件,1,ok: ISO 8601確認
2026-04-19 21:09:20,17179246901374671149,https://hinyan1016.hatenablog.com/entry/2026/04/09/174119,【2026年4月】YouTube動画まとめ｜からだの不思議・鑑別診断・脳神経内科 - Hisajiチャンネル,ok,置換 43件,43,ok: ISO 8601確認
2026-04-19 21:09:23,17179246901374646749,https://hinyan1016.hatenablog.com/entry/2026/04/09/161517,低活動性せん妄 ― 「静かなせん妄」を見逃さないための実践ガイド,ok,置換 1件,1,ok: ISO 8601確認
2026-04-19 21:09:26,17179246901372000468,https://hinyan1016.hatenablog.com/entry/2026/04/09/135347,"デジャヴの正体を神経科学で解説 ― ""既視感""はなぜ起きるのか",ok,置換 1件,1,ok: ISO 8601確認
2026-04-19 21:09:29,17179246901372000461,https://hinyan1016.hatenablog.com/entry/2026/04/07/104819,目がピクピクする ― 放置していいのか？ まぶたの痙攣を脳神経内科医が解説,ok,置換 1件,1,ok: ISO 8601確認
2026-04-19 21:09:32,17179246901374206438,https://hinyan1016.hatenablog.com/entry/2026/04/08/093518,プライベートクレジット問題とは？ 3兆ドル市場の構造リスクと今後のシナリオをわかりやすく解説,ok,置換 1件,1,ok: ISO 8601確認
2026-04-19 21:09:35,17179246901373914109,https://hinyan1016.hatenablog.com/entry/2026/04/07/153858,レベチラセタムの易刺激性・精神症状にビタミンB6は有効か？ エビデンス、使い方、ブリバラセタムとの選び分け,ok,置換 1件,1,ok: ISO 8601確認
2026-04-19 21:09:38,17179246901372000415,https://hinyan1016.hatenablog.com/entry/2026/04/07/052718,寝てる時にビクッとなるのはなぜ？ ― 「入眠時ミオクローヌス」の正体,ok,置換 1件,1,ok: ISO 8601確認
2026-04-19 21:09:41,17179246901372000400,https://hinyan1016.hatenablog.com/entry/2026/04/06/071409,なぜあくびはうつるのか？ ― ミラーニューロンと共感の脳科学,ok,置換 1件,1,ok: ISO 8601確認
2026-04-19 21:09:45,17179246901373115344,https://hinyan1016.hatenablog.com/entry/2026/04/05/131547,片側性舞踏病（hemichorea）の鑑別・画像所見・治療を整理する,ok,置換 1件,1,ok: ISO 8601確認
2026-04-19 21:09:48,17179246901372662349,https://hinyan1016.hatenablog.com/entry/2026/04/04/082109,パーキンソン病患者のビタミンB6管理｜レボドパ/カルビドパ時代に「避ける」ではなく「評価して補う」,ok,置換 1件,1,ok: ISO 8601確認
2026-04-19 21:09:51,17179246901371583907,https://hinyan1016.hatenablog.com/entry/2026/04/02/192008,片頭痛持ちが知っておくべき5つのこと ― 「我慢しない」ための知識,ok,置換 1件,1,ok: ISO 8601確認
2026-04-19 21:09:54,17179246901371246445,https://hinyan1016.hatenablog.com/entry/2026/03/31/171828,小脳梗塞後のリハビリテーション：エビデンスに基づく回復戦略と最新治療【KOSCO・NIBS・DBS・VR】,ok,置換 1件,1,ok: ISO 8601確認
2026-04-19 21:09:57,17179246901371022240,https://hinyan1016.hatenablog.com/entry/2026/03/31/001731,Tolosa-Hunt症候群（有痛性眼筋麻痺）：診断基準・鑑別診断・治療を徹底解説,ok,置換 1件,1,ok: ISO 8601確認
2026-04-19 21:10:00,17179246901370833624,https://hinyan1016.hatenablog.com/entry/2026/03/30/185614,若年ミオクロニーてんかん（JME）― 見逃されやすい思春期てんかんの診断と最新治療戦略,ok,置換 1件,1,ok: ISO 8601確認
2026-04-19 21:10:03,17179246901370893311,https://hinyan1016.hatenablog.com/entry/2026/03/30/185536,三叉神経痛 ― 神経内科医視点の鑑別診断と治療戦略,ok,置換 1件,1,ok: ISO 8601確認
2026-04-19 21:10:06,17179246901370572474,https://hinyan1016.hatenablog.com/entry/2026/03/29/192023,日本人はどこから来たのか？ — 最新ゲノム解析が明かす三重構造モデルと私たちのDNA,ok,置換 1件,1,ok: ISO 8601確認
2026-04-19 21:10:10,17179246901370554438,https://hinyan1016.hatenablog.com/entry/2026/03/29/184944,【2025-2026年】感染症の最新動向まとめ｜医療従事者が押さえるべき8つのトピック,ok,置換 1件,1,ok: ISO 8601確認
2026-04-19 21:10:13,17179246901369996860,https://hinyan1016.hatenablog.com/entry/2026/03/29/063210,【完全版】細胞外液補充液の使い分け｜生食・リンゲル液を徹底比較,ok,置換 1件,1,ok: ISO 8601確認
2026-04-19 21:10:17,17179246901369793776,https://hinyan1016.hatenablog.com/entry/2026/03/27/201504,ビタミンB12欠乏症の診断と治療【医療従事者向け総説】原因・症状・MMA/ホモシステイン・補充法を最新エビデンスで解説,ok,置換 2件,2,ok: ISO 8601確認
2026-04-19 21:10:20,17179246901369554537,https://hinyan1016.hatenablog.com/entry/2026/03/27/075518,【全10回まとめ】外来で使える食事指導シリーズ｜疾患別の優先順位を整理,ok,置換 1件,1,ok: ISO 8601確認
2026-04-19 21:10:23,17179246901369331318,https://hinyan1016.hatenablog.com/entry/2026/03/26/155954,低栄養・フレイル・複数疾患の食事指導｜制限しすぎないための優先順位,ok,置換 1件,1,ok: ISO 8601確認
2026-04-19 21:10:26,17179246901369346953,https://hinyan1016.hatenablog.com/entry/2026/03/27/051317,消化管手術後の食事指導｜少量頻回と症状別対応の考え方,ok,置換 1件,1,ok: ISO 8601確認
2026-04-19 21:10:29,17179246901369331339,https://hinyan1016.hatenablog.com/entry/2026/03/27/043730,嚥下障害の食事指導｜やわらかい食事が安全とは限らない,ok,置換 1件,1,ok: ISO 8601確認
2026-04-19 21:10:32,17179246901369331334,https://hinyan1016.hatenablog.com/entry/2026/03/27/042401,肝臓病の食事指導｜脂肪肝と肝硬変を同じに扱わない,ok,置換 1件,1,ok: ISO 8601確認
2026-04-19 21:10:35,17179246901369331329,https://hinyan1016.hatenablog.com/entry/2026/03/26/192856,腎臓病の食事指導｜塩分・たんぱく質・カリウムをどう考えるか,ok,置換 1件,1,ok: ISO 8601確認
2026-04-19 21:10:38,17179246901369354617,https://hinyan1016.hatenablog.com/entry/2026/03/26/161600,肥満の食事指導｜我慢よりも崩れにくい食べ方を作る,ok,置換 1件,1,ok: ISO 8601確認
2026-04-19 21:10:41,17179246901369331312,https://hinyan1016.hatenablog.com/entry/2026/03/26/155039,糖尿病の食事指導｜甘いものをやめるだけでは改善しない,ok,置換 1件,1,ok: ISO 8601確認
2026-04-19 21:10:44,17179246901369330996,https://hinyan1016.hatenablog.com/entry/2026/03/26/150523,脂質異常症（高脂血症）の食事指導｜油を減らすだけでは不十分,ok,置換 1件,1,ok: ISO 8601確認
2026-04-19 21:10:47,17179246901369327011,https://hinyan1016.hatenablog.com/entry/2026/03/26/143053,高血圧の食事指導｜減塩だけでは終わらない外来の基本,ok,置換 1件,1,ok: ISO 8601確認
2026-04-19 21:10:50,17179246901369321894,https://hinyan1016.hatenablog.com/entry/2026/03/26/140918,食事指導は「何を禁止するか」ではなく「何を守るか」から始める,ok,置換 1件,1,ok: ISO 8601確認
2026-04-19 21:10:53,17179246901369006509,https://hinyan1016.hatenablog.com/entry/2026/03/25/162707,甲状腺機能異常の鑑別診断 ─ TSH×FT4パターン分類と系統的アプローチ,ok,置換 1件,1,ok: ISO 8601確認
2026-04-19 21:10:56,17179246901327094310,https://hinyan1016.hatenablog.com/entry/2025/11/30/164447,二日酔い対策ガイド：メカニズムから予防・対処法まで,ok,置換 1件,1,ok: ISO 8601確認
2026-04-19 21:10:59,17179246901368742238,https://hinyan1016.hatenablog.com/entry/2026/03/24/205734,低栄養患者に「どんどん栄養を入れる」のは正しいか ― 再栄養症候群と急性期栄養管理の考え方,ok,置換 1件,1,ok: ISO 8601確認
2026-04-19 21:11:02,17179246901368702300,https://hinyan1016.hatenablog.com/entry/2026/03/24/184115,前庭神経炎 ― 脳卒中を除外しながら考える急性めまいの臨床診断,ok,置換 1件,1,ok: ISO 8601確認
2026-04-19 21:11:05,17179246901368126684,https://hinyan1016.hatenablog.com/entry/2026/03/23/051617,YouTube動画 特集 ─ 鑑別診断シリーズ & 医学教育コンテンツ,ok,置換 22件,22,ok: ISO 8601確認
2026-04-19 21:11:08,17179246901368051004,https://hinyan1016.hatenablog.com/entry/2026/03/22/220206,意識消失発作（TLOC）の鑑別診断 — 失神・てんかん・PNESを見極める系統的アプローチ,ok,置換 1件,1,ok: ISO 8601確認
2026-04-19 21:11:11,17179246901367959744,https://hinyan1016.hatenablog.com/entry/2026/03/22/171026,貧血の鑑別診断 ─ MCV分類と8ステップで系統的に迫る,ok,置換 1件,1,ok: ISO 8601確認
2026-04-19 21:11:14,17179246901367798523,https://hinyan1016.hatenablog.com/entry/2026/03/22/074748,肝機能障害（トランスアミナーゼ上昇）の鑑別診断 ─ 7ステップで系統的に迫る,ok,置換 1件,1,ok: ISO 8601確認
2026-04-19 21:11:17,17179246901367138398,https://hinyan1016.hatenablog.com/entry/2026/03/20/125143,高カルシウム血症の鑑別診断：PTHを軸にした実践的アプローチ,ok,置換 1件,1,ok: ISO 8601確認
2026-04-19 21:11:20,17179246901367041186,https://hinyan1016.hatenablog.com/entry/2026/03/20/082431,不明熱（FUO）の鑑別：病型・病因群・PDCで進める実践的アプローチ,ok,置換 1件,1,ok: ISO 8601確認
2026-04-19 21:11:24,17179246901366732794,https://hinyan1016.hatenablog.com/entry/2026/03/19/113452,パーキンソン病における誤嚥性肺炎：早期から予測し、予防する合併症,ok,置換 1件,1,ok: ISO 8601確認
2026-04-19 21:11:27,17179246901366726390,https://hinyan1016.hatenablog.com/entry/2026/03/19/110951,歩行障害・協調運動障害の鑑別診断｜神経診察で局在を絞る実践的アプローチ,ok,置換 1件,1,ok: ISO 8601確認
2026-04-19 21:11:31,17179246901366027709,https://hinyan1016.hatenablog.com/entry/2026/03/18/001634,急性胸痛の鑑別診断：まず危険なものから外す実践的アプローチ,ok,置換 1件,1,ok: ISO 8601確認
2026-04-19 21:11:34,17179246901365687036,https://hinyan1016.hatenablog.com/entry/2026/03/17/060041,正座から立ち上がると、なぜクラッとするのか ― 立ちくらみが起こる理由と、気をつけたいサイン,ok,置換 1件,1,ok: ISO 8601確認
2026-04-19 21:11:37,17179246901365568074,https://hinyan1016.hatenablog.com/entry/2026/03/16/194738,呼吸困難（息切れ）の鑑別診断：重症度・時間経過・病態群で組み立てる実践的アプローチ,ok,置換 1件,1,ok: ISO 8601確認
2026-04-19 21:11:40,17179246901365092569,https://hinyan1016.hatenablog.com/entry/2026/03/15/125012,意識障害の鑑別：局在・病態・時間軸で整理する実践的アプローチ,ok,置換 1件,1,ok: ISO 8601確認
2026-04-19 21:11:44,17179246901365023443,https://hinyan1016.hatenablog.com/entry/2026/03/15/090118,めまいの鑑別：時間経過・誘因・眼球運動から組み立てる実践的アプローチ,ok,置換 1件,1,ok: ISO 8601確認
2026-04-19 21:11:47,17179246901365016347,https://hinyan1016.hatenablog.com/entry/2026/03/15/083259,頭痛の鑑別 ── 二次性頭痛を先に拾い、一次性頭痛を積極的に診断する,ok,置換 1件,1,ok: ISO 8601確認
2026-04-19 21:11:50,17179246901364310352,https://hinyan1016.hatenablog.com/entry/2026/03/13/184534,動物園のゾウはどうやって運ぶのか！？,ok,置換 1件,1,ok: ISO 8601確認
2026-04-19 21:11:53,17179246901363991053,https://hinyan1016.hatenablog.com/entry/2026/03/12/103828,自己免疫疾患CAR-Tの全体像  ：神経内科医のための整理,ok,置換 1件,1,ok: ISO 8601確認
2026-04-19 21:11:56,17179246901363689098,https://hinyan1016.hatenablog.com/entry/2026/03/11/143022,全身浮腫の鑑別診断 — 系統的アプローチ,ok,置換 1件,1,ok: ISO 8601確認
2026-04-19 21:11:59,17179246901363557917,https://hinyan1016.hatenablog.com/entry/2026/03/11/060732,EAN 2024ガイドライン（発表は2026年）：無症候性・乏症候性高CK血症の診断アプローチ,ok,置換 1件,1,ok: ISO 8601確認
2026-04-19 21:12:02,17179246901363135229,https://hinyan1016.hatenablog.com/entry/2026/03/10/122240,レカネマブ投与を検討していた高齢者で心房細動（Af）が見つかったらどうするか,ok,置換 1件,1,ok: ISO 8601確認
2026-04-19 21:12:05,17179246901362915025,https://hinyan1016.hatenablog.com/entry/2026/03/10/063521,帯状疱疹は「皮膚の病気」ではない ― 神経障害の全体像を理解する,ok,置換 1件,1,ok: ISO 8601確認
2026-04-19 21:12:08,17179246901362344716,https://hinyan1016.hatenablog.com/entry/2026/03/09/033450,エーリッヒ・フロム『愛するということ』をわかりやすく読む — 愛は「気持ち」ではなく「育てる力」である,ok,置換 1件,1,ok: ISO 8601確認
2026-04-19 21:12:11,17179246901362390549,https://hinyan1016.hatenablog.com/entry/2026/03/08/203506,五十肩の非薬物療法 ― 外来で使える実践ガイド,ok,置換 1件,1,ok: ISO 8601確認
2026-04-19 21:12:14,17179246901361733683,https://hinyan1016.hatenablog.com/entry/2026/03/07/044726,Claude4.6opus(claude code)にきいてみた【幸福とは何か──「いい人生」を自分の言葉で語るために】,ok,置換 1件,1,ok: ISO 8601確認
2026-04-19 21:12:18,17179246901361217842,https://hinyan1016.hatenablog.com/entry/2026/03/05/185910,外傷・術後の抗てんかん薬：いつ始めて、いつ止めるか,ok,置換 1件,1,ok: ISO 8601確認
2026-04-19 21:12:22,17179246901361211386,https://hinyan1016.hatenablog.com/entry/2026/03/05/183646,くも膜嚢胞（Arachnoid Cyst）の臨床総説 — 定義・疫学・病態生理・治療・再発,ok,置換 1件,1,ok: ISO 8601確認
2026-04-19 21:12:24,17179246901361012443,https://hinyan1016.hatenablog.com/entry/2026/03/05/065757,めまいに有効な「前庭リハビリ」とは何か ― 脳神経内科医が知っておくべき基本と実践 ―,ok,置換 1件,1,ok: ISO 8601確認
2026-04-19 21:12:27,17179246901360758546,https://hinyan1016.hatenablog.com/entry/2026/03/04/103556,脳神経内科医がよく遭遇する「誤解」10選 — 外来で何度も説明すること,ok,置換 1件,1,ok: ISO 8601確認
2026-04-19 21:12:30,17179246901360752701,https://hinyan1016.hatenablog.com/entry/2026/03/04/101113,脳神経内科医がよく遭遇する「漫然検査」10選 — その検査、本当に必要ですか？,ok,置換 1件,1,ok: ISO 8601確認
2026-04-19 21:12:34,17179246901360743608,https://hinyan1016.hatenablog.com/entry/2026/03/04/093107,脳神経内科医がよく遭遇する「漫然処方薬」10選 — その薬、本当に必要ですか？,ok,置換 1件,1,ok: ISO 8601確認
2026-04-19 21:12:37,17179246901360741954,https://hinyan1016.hatenablog.com/entry/2026/03/04/092253,脳循環代謝改善薬は本当に必要か？ ― 脳梗塞慢性期で「漫然投与」を見直すための実践ガイド,ok,置換 1件,1,ok: ISO 8601確認
2026-04-19 21:12:40,17179246901360681993,https://hinyan1016.hatenablog.com/entry/2026/03/04/031647,日本で使える花粉症の抗アレルギー薬ガイド（2026年3月時点）,ok,置換 1件,1,ok: ISO 8601確認
2026-04-19 21:12:43,17179246901360547433,https://hinyan1016.hatenablog.com/entry/2026/03/03/182951,花粉症なのに果物で口がかゆい？ ― 花粉食物アレルギー症候群（PFAS）をわかりやすく解説 ―,ok,置換 1件,1,ok: ISO 8601確認
2026-04-19 21:12:46,17179246901360420481,https://hinyan1016.hatenablog.com/entry/2026/03/03/114423,【やさしく解説】個人情報保護法の「3年ごと見直し」で何が変わる？ ― 2026年1月の制度改正方針を徹底解説,ok,置換 1件,1,ok: ISO 8601確認
2026-04-19 21:12:49,17179246901360322442,https://hinyan1016.hatenablog.com/entry/2026/03/03/051916,眼瞼けいれん（ブレファロスパズム）の実践的総説,ok,置換 1件,1,ok: ISO 8601確認
2026-04-19 21:12:52,17179246901360317705,https://hinyan1016.hatenablog.com/entry/2026/03/03/043040,急性期病院から回復期リハビリ・療養型病院への転院時における抗てんかん薬切替の総合分析,ok,置換 1件,1,ok: ISO 8601確認
2026-04-19 21:12:55,17179246901359990374,https://hinyan1016.hatenablog.com/entry/2026/03/02/055927,受精卵への遺伝子編集――医療の福音か、人類への問いかけか,ok,置換 1件,1,ok: ISO 8601確認
2026-04-19 21:12:59,17179246901359809975,https://hinyan1016.hatenablog.com/entry/2026/03/01/164259,「誰を助けるか」を問い直す ― 医療費48兆円時代の資源配分論,ok,置換 1件,1,ok: ISO 8601確認
2026-04-19 21:13:02,17179246901359623374,https://hinyan1016.hatenablog.com/entry/2026/03/01/051721,【徹底解説】救急・集中治療における生命維持治療の終了／差し控えに関する4学会合同ガイドライン（パブリックコメント版）,ok,置換 1件,1,ok: ISO 8601確認
2026-04-19 21:13:05,17179246901359269935,https://hinyan1016.hatenablog.com/entry/2026/02/28/062454,金縛り（睡眠麻痺）を脳神経内科医が医学的に解説：怖いけれど、多くは「病気ではない」現象です,ok,置換 1件,1,ok: ISO 8601確認
2026-04-19 21:13:08,17179246901359257390,https://hinyan1016.hatenablog.com/entry/2026/02/28/033415,ブリーバラセタム静注製剤（ブリィビアクト静注25mg）徹底解説 ── 臨床・薬学的視点から,ok,置換 1件,1,ok: ISO 8601確認
2026-04-19 21:13:11,17179246901358893752,https://hinyan1016.hatenablog.com/entry/2026/02/27/021111,脳神経領域の線維芽細胞と線維性瘢痕が面白い理由と再生医療への応用,ok,置換 1件,1,ok: ISO 8601確認
2026-04-19 21:13:14,17179246901358722615,https://hinyan1016.hatenablog.com/entry/2026/02/26/151006,脳のミクログリアって何？ ─ 少し深掘り,ok,置換 1件,1,ok: ISO 8601確認
2026-04-19 21:13:17,17179246901358720741,https://hinyan1016.hatenablog.com/entry/2026/02/26/150249,アドレノメデュリン（AM）と脳神経領域への応用 ― 血管を守るペプチドの可能性,ok,置換 1件,1,ok: ISO 8601確認
2026-04-19 21:13:20,17179246901358672989,https://hinyan1016.hatenablog.com/entry/2026/02/26/115020,仕事の疲れをとる「エビデンスのある方法」 ― 忙しい医療者にも実践可能な、科学的に支持された回復戦略 ―,ok,置換 1件,1,ok: ISO 8601確認
2026-04-19 21:13:23,17179246901358597003,https://hinyan1016.hatenablog.com/entry/2026/02/26/052406,メトホルミンの糖尿病治療以外の用途に関する最新エビデンスと臨床応用可能性（2026年2月時点）,ok,置換 1件,1,ok: ISO 8601確認
2026-04-19 21:13:26,17179246901358281594,https://hinyan1016.hatenablog.com/entry/2026/02/25/121915,宇宙医学の最前線,ok,置換 1件,1,ok: ISO 8601確認
2026-04-19 21:13:30,17179246901358095947,https://hinyan1016.hatenablog.com/entry/2026/02/24/185136,寝違え（急性頸部痛・寝違え症候群）の医学的解説と安全な対処法,ok,置換 1件,1,ok: ISO 8601確認
2026-04-19 21:13:33,17179246901357937383,https://hinyan1016.hatenablog.com/entry/2026/02/24/085849,人間ドックの検査項目：費用対効果が高い検査の見極めと、これから注目される技術,ok,置換 1件,1,ok: ISO 8601確認
2026-04-19 21:13:36,17179246901357932477,https://hinyan1016.hatenablog.com/entry/2026/02/24/083752,受験本番直前にできること：前日・当日の実務チェックガイド,ok,置換 1件,1,ok: ISO 8601確認
2026-04-19 21:13:39,17179246901357886856,https://hinyan1016.hatenablog.com/entry/2026/02/24/030954,頭痛の非薬物療法：生活習慣の改善で頭痛をコントロールする,ok,置換 1件,1,ok: ISO 8601確認
2026-04-19 21:13:43,17179246901357662017,https://hinyan1016.hatenablog.com/entry/2026/02/23/152401,花粉症治療の最新動向【統合版】,ok,置換 1件,1,ok: ISO 8601確認
2026-04-19 21:13:46,17179246901357512729,https://hinyan1016.hatenablog.com/entry/2026/02/23/062056,新規抗うつ薬ザズベイ®（ズラノロン）：GABA作動性という新たなアプローチ,ok,置換 1件,1,ok: ISO 8601確認
2026-04-19 21:13:49,17179246901357501275,https://hinyan1016.hatenablog.com/entry/2026/02/23/043315,治らない神経疾患の告知戦略：絶望を希望へと昇華させる対話の極意,ok,置換 1件,1,ok: ISO 8601確認
2026-04-19 21:13:52,17179246901356446612,https://hinyan1016.hatenablog.com/entry/2026/02/20/060049,てんかんに対するVNS・DBS・RNS治療を「機序」と「エビデンス」から解説,ok,置換 1件,1,ok: ISO 8601確認
2026-04-19 21:13:55,17179246901356436861,https://hinyan1016.hatenablog.com/entry/2026/02/20/041519,てんかんにおける食事療法の実際 ― ケトン食・修正アトキンス食・低GI食の位置づけ ―,ok,置換 1件,1,ok: ISO 8601確認
2026-04-19 21:13:58,17179246901356340034,https://hinyan1016.hatenablog.com/entry/2026/02/19/195344,🌸 華道入門ガイド ― 歴史・流派・用具・生け方・学び方を初心者向けに,ok,置換 1件,1,ok: ISO 8601確認
2026-04-19 21:14:01,17179246901356287929,https://hinyan1016.hatenablog.com/entry/2026/02/19/164508,医療安全活動を成功させる方法,ok,置換 1件,1,ok: ISO 8601確認
2026-04-19 21:14:04,17179246901356113581,https://hinyan1016.hatenablog.com/entry/2026/02/19/045614,"「日本の金を売れば財政が良くなる？」──国家の""最後の保険""としての金準備を考える",ok,置換 1件,1,ok: ISO 8601確認
2026-04-19 21:14:08,17179246901355301082,https://hinyan1016.hatenablog.com/entry/2026/02/17/013750,    ドラマのような記憶喪失は本当にあるのか？ ― 脳神経内科医が臨床経験から考える ― ,ok,置換 1件,1,ok: ISO 8601確認
2026-04-19 21:14:11,17179246901354967057,https://hinyan1016.hatenablog.com/entry/2026/02/16/015132,成人NF1治療薬の最新動向と展望,ok,置換 1件,1,ok: ISO 8601確認
2026-04-19 21:14:13,17179246901354966902,https://hinyan1016.hatenablog.com/entry/2026/02/16/014958,パーキンソン病とは？ ― 症状・原因・治療を専門医がやさしく解説 ―,ok,置換 1件,1,ok: ISO 8601確認
2026-04-19 21:14:17,17179246901354626499,https://hinyan1016.hatenablog.com/entry/2026/02/15/033326,「3億円の薬」は本当に効くのか？― DMD遺伝子治療エレビジスのエビデンスを読み解く,ok,置換 1件,1,ok: ISO 8601確認
2026-04-19 21:14:20,17179246901354345370,https://hinyan1016.hatenablog.com/entry/2026/02/14/090844,バレンタインデーとは何か？ ― 欧米と日本の違いから見える文化の違い ―,ok,置換 1件,1,ok: ISO 8601確認
2026-04-19 21:14:23,17179246901353786097,https://hinyan1016.hatenablog.com/entry/2026/02/13/024135,てんかん発作を見たらどうする？ ― 専門医が教える「正しい対応」と「やってはいけないこと」 ―,ok,置換 1件,1,ok: ISO 8601確認
2026-04-19 21:14:26,17179246901353799055,https://hinyan1016.hatenablog.com/entry/2026/02/13/023949,認知症とは？ ― 症状・原因・受診の目安、そして最新治療まで専門医がやさしく解説,ok,置換 1件,1,ok: ISO 8601確認
2026-04-19 21:14:30,17179246901353671997,https://hinyan1016.hatenablog.com/entry/2026/02/12/102858,焦点性てんかん重積状態の急性期から亜急性期におけるMRI所見 ― DWIとASLを中心に,ok,置換 1件,1,ok: ISO 8601確認
2026-04-19 21:14:33,17179246901353584747,https://hinyan1016.hatenablog.com/entry/2026/02/12/010038,アルツハイマー型認知症のバイオマーカー総説 ─ 2024–2025年の診断・治療実装を中心に,ok,置換 1件,1,ok: ISO 8601確認
2026-04-19 21:14:36,17179246901353299724,https://hinyan1016.hatenablog.com/entry/2026/02/11/092458,放射性ヨウ素SPECT検査における甲状腺ブロックまとめ,ok,置換 1件,1,ok: ISO 8601確認
2026-04-19 21:14:39,17179246901352983939,https://hinyan1016.hatenablog.com/entry/2026/02/10/091635,低体温症総説 ― 原因・重症度分類・意識障害・予防・治療,ok,置換 1件,1,ok: ISO 8601確認
2026-04-19 21:14:42,17179246901352864770,https://hinyan1016.hatenablog.com/entry/2026/02/09/210130,認知機能検査で不合格になった高齢運転者に関して：「第1分類」患者への診察と対応ガイド,ok,置換 1件,1,ok: ISO 8601確認
2026-04-19 21:14:45,17179246901352855455,https://hinyan1016.hatenablog.com/entry/2026/02/09/203327,高齢者の難聴には補聴器を – 生活の質と認知機能を守るために,ok,置換 1件,1,ok: ISO 8601確認
2026-04-19 21:14:48,17179246901352733780,https://hinyan1016.hatenablog.com/entry/2026/02/09/123357,"一過性全健忘（Transient Global Amnesia, TGA）とは",ok,置換 1件,1,ok: ISO 8601確認
2026-04-19 21:14:52,17179246901352501896,https://hinyan1016.hatenablog.com/entry/2026/02/08/190841,2026年2月初旬 インフルエンザ流行状況と対策【特にB型の動向】,ok,置換 1件,1,ok: ISO 8601確認
2026-04-19 21:14:56,17179246901352271304,https://hinyan1016.hatenablog.com/entry/2026/02/08/025521,高齢者の手の震え – 原因の見分け方と対処法を専門医が解説,ok,置換 1件,1,ok: ISO 8601確認
2026-04-19 21:14:59,17179246901352271019,https://hinyan1016.hatenablog.com/entry/2026/02/08/025151,脳神経内科に行くべき症状とは？〜見逃せないサインと受診のポイント,ok,置換 1件,1,ok: ISO 8601確認
2026-04-19 21:15:02,17179246901351759548,https://hinyan1016.hatenablog.com/entry/2026/02/06/181934,パーキンソン病における脳深部刺激療法（DBS）と集束超音波治療（FUS）,ok,置換 1件,1,ok: ISO 8601確認
2026-04-19 21:15:05,17179246901351758543,https://hinyan1016.hatenablog.com/entry/2026/02/06/181603,医師免許の取消・医業停止処分：最新事例と医師が留意すべきポイント,ok,置換 1件,1,ok: ISO 8601確認
2026-04-19 21:15:09,17179246901351757567,https://hinyan1016.hatenablog.com/entry/2026/02/06/181222,薬を飲んで吐いてしまったとき、追加で薬を飲むべきか？,ok,置換 1件,1,ok: ISO 8601確認
2026-04-19 21:15:12,17179246901351443759,https://hinyan1016.hatenablog.com/entry/2026/02/05/192632,内科外来で患者から信頼を得る初診・再診対応ガイド,ok,置換 1件,1,ok: ISO 8601確認
2026-04-19 21:15:16,17179246901351285302,https://hinyan1016.hatenablog.com/entry/2026/02/05/091609,肺炎球菌性細菌性髄膜炎 – 総説,ok,置換 1件,1,ok: ISO 8601確認
2026-04-19 21:15:19,17179246901351230507,https://hinyan1016.hatenablog.com/entry/2026/02/05/021754,成人薬剤抵抗性てんかんに対するModified Atkins Diet（MAD）の臨床的意義と実装ポイント,ok,置換 1件,1,ok: ISO 8601確認
2026-04-19 21:15:23,17179246901350949128,https://hinyan1016.hatenablog.com/entry/2026/02/04/093626,視神経炎の評価：非眼科医にもわかる多面的アプローチ,ok,置換 1件,1,ok: ISO 8601確認
2026-04-19 21:15:26,17179246901350899544,https://hinyan1016.hatenablog.com/entry/2026/02/04/034813,岡田茂吉の思想と新宗教の概要 ― 浄霊・自然農法・芸術の三本柱と継承教団,ok,置換 1件,1,ok: ISO 8601確認
2026-04-19 21:15:29,17179246901350701194,https://hinyan1016.hatenablog.com/entry/2026/02/03/135153,高度認知症・寝たきり患者で「フルコード」を求められたとき――看取りにつながる病状説明の実践ガイド,ok,置換 1件,1,ok: ISO 8601確認
2026-04-19 21:15:33,17179246901350576746,https://hinyan1016.hatenablog.com/entry/2026/02/03/032408,2026年2月にOTC化された緊急避妊薬「ノルレボ」の専門解説,ok,置換 1件,1,ok: ISO 8601確認
2026-04-19 21:15:36,17179246901350566427,https://hinyan1016.hatenablog.com/entry/2026/02/03/011211,ベンゾジアゼピン離脱症状とその対策：医療従事者向けガイド,ok,置換 1件,1,ok: ISO 8601確認
2026-04-19 21:15:40,17179246901350549272,https://hinyan1016.hatenablog.com/entry/2026/02/02/234253,胃全摘術後の栄養不良：栄養素別の病態と対応策,ok,置換 1件,1,ok: ISO 8601確認
2026-04-19 21:15:43,17179246901350480528,https://hinyan1016.hatenablog.com/entry/2026/02/02/203556, 薬剤性パーキンソニズムの見落とし防止とロングアクティング抗精神病薬の留意点 ,ok,置換 1件,1,ok: ISO 8601確認
2026-04-19 21:15:47,17179246901350272794,https://hinyan1016.hatenablog.com/entry/2026/02/02/083248,運転免許証の「○トン限定」と運転できるトラックの違い【2026年最新情報】,ok,置換 1件,1,ok: ISO 8601確認
2026-04-19 21:15:50,17179246901350081715,https://hinyan1016.hatenablog.com/entry/2026/02/01/175844,めまいは脳の病気か耳の病気か？中高年に多いめまいを徹底解説,ok,置換 1件,1,ok: ISO 8601確認
2026-04-19 21:15:53,17179246901350030110,https://hinyan1016.hatenablog.com/entry/2026/02/01/161420,脳卒中とTIAの基礎知識・症状・受診の目安・緊急対応ポイント,ok,置換 1件,1,ok: ISO 8601確認
2026-04-19 21:15:56,17179246901349993782,https://hinyan1016.hatenablog.com/entry/2026/02/01/141453,日本の財政は破綻するのか？バランスシートで見えてくる真実,ok,置換 1件,1,ok: ISO 8601確認
2026-04-19 21:15:59,17179246901349841199,https://hinyan1016.hatenablog.com/entry/2026/02/01/041058,高齢者の物忘れと認知症：違い・初期症状・受診と検査のポイント,ok,置換 1件,1,ok: ISO 8601確認
2026-04-19 21:16:03,17179246901349123042,https://hinyan1016.hatenablog.com/entry/2026/01/30/030419,てんかん発作との鑑別診断,ok,置換 1件,1,ok: ISO 8601確認
2026-04-19 21:16:06,17179246901349344320,https://hinyan1016.hatenablog.com/entry/2026/01/30/180102,顔面肩甲上腕型筋ジストロフィー（FSHD）総説,ok,置換 1件,1,ok: ISO 8601確認
2026-04-19 21:16:09,17179246901349253046,https://hinyan1016.hatenablog.com/entry/2026/01/30/123841,眠くなくても、睡眠時間を一定以上確保すべきか？,ok,置換 1件,1,ok: ISO 8601確認
2026-04-19 21:16:12,17179246901349122669,https://hinyan1016.hatenablog.com/entry/2026/01/30/025738,ニパウイルス感染症：医療従事者向け包括的解説,ok,置換 1件,1,ok: ISO 8601確認
2026-04-19 21:16:15,17179246901348807854,https://hinyan1016.hatenablog.com/entry/2026/01/29/083004,"「うすくち醤油のほうが塩分が高い」—見た目に反する""合理的な設計""を深掘りする",ok,置換 1件,1,ok: ISO 8601確認
2026-04-19 21:16:18,17179246901348565858,https://hinyan1016.hatenablog.com/entry/2026/01/28/111213,2026年版AHA/ASA急性期脳梗塞治療ガイドラインの概要と改訂ポイント,ok,置換 1件,1,ok: ISO 8601確認
2026-04-19 21:16:22,17179246901348485024,https://hinyan1016.hatenablog.com/entry/2026/01/28/030346,神経痛性筋萎縮症（Parsonage–Turner症候群）,ok,置換 1件,1,ok: ISO 8601確認
2026-04-19 21:16:25,17179246901348385025,https://hinyan1016.hatenablog.com/entry/2026/01/27/192006,ワーファリン vs DOAC：結局どちらが「得」か？,ok,置換 1件,1,ok: ISO 8601確認
2026-04-19 21:16:28,17179246901348262454,https://hinyan1016.hatenablog.com/entry/2026/01/27/113243,Long COVID（コロナ後遺症）の神経症状：メカニズムから最新治療まで,ok,置換 1件,1,ok: ISO 8601確認
2026-04-19 21:16:32,17179246901348165695,https://hinyan1016.hatenablog.com/entry/2026/01/27/012156,日本の税制の最適解：2026年以降の社会・経済環境を踏まえて,ok,置換 1件,1,ok: ISO 8601確認
2026-04-19 21:16:35,17179246901348049040,https://hinyan1016.hatenablog.com/entry/2026/01/26/194020,エンレストはなぜ心不全では「分2」が必須で、高血圧では「分1」でよいのか,ok,置換 1件,1,ok: ISO 8601確認
2026-04-19 21:16:38,17179246901348018287,https://hinyan1016.hatenablog.com/entry/2026/01/26/170935,日本におけるベンゾジアゼピン多用と見直しに関する解説,ok,置換 1件,1,ok: ISO 8601確認
2026-04-19 21:16:42,17179246901347483059,https://hinyan1016.hatenablog.com/entry/2026/01/25/021001,嗅覚と認知症の関係 — 匂いが語る脳の変化,ok,置換 1件,1,ok: ISO 8601確認
2026-04-19 21:16:45,17179246901347248619,https://hinyan1016.hatenablog.com/entry/2026/01/24/114059,紙巻きタバコ vs 電子タバコ：健康への影響をエビデンスで読み解く,ok,置換 1件,1,ok: ISO 8601確認
2026-04-19 21:16:48,17179246901347083356,https://hinyan1016.hatenablog.com/entry/2026/01/23/213313,70代後半・白髪・薄毛なしの男性に、ミノキシジル外用は「意味がある」のか？―患者側の素朴な疑問を、エビデンスと添付文書から整理してみた―,ok,置換 1件,1,ok: ISO 8601確認
2026-04-19 21:16:51,17179246901347076045,https://hinyan1016.hatenablog.com/entry/2026/01/23/210520,妊娠と片頭痛の治療：急性期治療と予防療法,ok,置換 1件,1,ok: ISO 8601確認
2026-04-19 21:16:55,17179246901347038830,https://hinyan1016.hatenablog.com/entry/2026/01/23/193813,橈骨神経麻痺（Radial Nerve Palsy）について、生活指導も含めて解説,ok,置換 1件,1,ok: ISO 8601確認
2026-04-19 21:16:58,17179246901346665661,https://hinyan1016.hatenablog.com/entry/2026/01/22/183958,多発性骨髄腫の最新治療と予後改善 ～20年間の進歩を振り返る～,ok,置換 1件,1,ok: ISO 8601確認
2026-04-19 21:17:02,17179246901346530301,https://hinyan1016.hatenablog.com/entry/2026/01/22/115317,スマホを使う人は本当にボケにくいのか？医師が認知症予防の観点から解説,ok,置換 1件,1,ok: ISO 8601確認
2026-04-19 21:17:05,17179246901346510163,https://hinyan1016.hatenablog.com/entry/2026/01/22/085959,車酔い（動揺病・乗り物酔い）について、医師が分かりやすく解説！,ok,置換 1件,1,ok: ISO 8601確認
2026-04-19 21:17:08,17179246901346153458,https://hinyan1016.hatenablog.com/entry/2026/01/21/111058,良性成人型家族性ミオクローヌスてんかん（BAFME）総説,ok,置換 1件,1,ok: ISO 8601確認
2026-04-19 21:17:11,17179246901346152755,https://hinyan1016.hatenablog.com/entry/2026/01/21/111020,神経核内封入体病（NIID）の最新解説：疫学から病態、診断、治療まで,ok,置換 1件,1,ok: ISO 8601確認
2026-04-19 21:17:14,17179246901346062772,https://hinyan1016.hatenablog.com/entry/2026/01/20/194222,2026年1月20日時点 日本全国のインフルエンザ流行状況,ok,置換 1件,1,ok: ISO 8601確認
2026-04-19 21:17:18,17179246901345922590,https://hinyan1016.hatenablog.com/entry/2026/01/20/113547,筋強直性ジストロフィー（Myotonic Dystrophy）の概要と未来の治療,ok,置換 1件,1,ok: ISO 8601確認
2026-04-19 21:17:21,17179246901345707168,https://hinyan1016.hatenablog.com/entry/2026/01/19/200740,後頭神経痛の生活指導：再発を減らすための「姿勢・首肩の負荷・睡眠」マネジメント,ok,置換 1件,1,ok: ISO 8601確認
2026-04-19 21:17:24,17179246901344826231,https://hinyan1016.hatenablog.com/entry/2026/01/17/093117,"妊娠でだけ発作が出るLTG症例：血中濃度が""1/3""になる人をどう守るか",ok,置換 1件,1,ok: ISO 8601確認
2026-04-19 21:17:28,17179246901344817682,https://hinyan1016.hatenablog.com/entry/2026/01/17/085422,カルバマゼピンの薬物相互作用：機序・臨床意義と対策,ok,置換 1件,1,ok: ISO 8601確認
2026-04-19 21:17:31,17179246901344638809,https://hinyan1016.hatenablog.com/entry/2026/01/16/190157,三叉神経痛と口腔セネストパチーの鑑別,ok,置換 1件,1,ok: ISO 8601確認
2026-04-19 21:17:35,17179246901344590421,https://hinyan1016.hatenablog.com/entry/2026/01/16/161323,上肢筋力低下に関する身体障害者手帳認定基準の解説,ok,置換 1件,1,ok: ISO 8601確認
2026-04-19 21:17:38,17179246901344443635,https://hinyan1016.hatenablog.com/entry/2026/01/16/083556,VO₂max（最大酸素摂取量）の医学的意義と測定・改善ガイド,ok,置換 1件,1,ok: ISO 8601確認
2026-04-19 21:17:41,17179246901344397121,https://hinyan1016.hatenablog.com/entry/2026/01/16/014038,医学と関係ない動画まとめ,ok,置換 22件,22,ok: ISO 8601確認
2026-04-19 21:17:45,17179246901344279632,https://hinyan1016.hatenablog.com/entry/2026/01/16/000557,科学技術力で中国を侮ることの危険性,ok,置換 1件,1,ok: ISO 8601確認
2026-04-19 21:17:48,17179246901344226997,https://hinyan1016.hatenablog.com/entry/2026/01/15/150535,てんかんの移行期医療の重要性と現状,ok,置換 1件,1,ok: ISO 8601確認
2026-04-19 21:17:52,17179246901344144732,https://hinyan1016.hatenablog.com/entry/2026/01/15/111943,ゾシン（ピペラシリン・タゾバクタム）解説,ok,置換 1件,1,ok: ISO 8601確認
2026-04-19 21:17:55,17179246901344136137,https://hinyan1016.hatenablog.com/entry/2026/01/15/104221,セフォタキシム：基礎から臨床までの総合解説,ok,置換 1件,1,ok: ISO 8601確認
2026-04-19 21:17:58,17179246901343867124,https://hinyan1016.hatenablog.com/entry/2026/01/14/120808,セフトリアキソン：基礎から実臨床までの詳細ガイド,ok,置換 1件,1,ok: ISO 8601確認
2026-04-19 21:18:02,17179246901343865131,https://hinyan1016.hatenablog.com/entry/2026/01/14/234123,アンピシリン・スルバクタム（スルバシリン®）総合解説 ～基礎から臨床まで～,ok,置換 1件,1,ok: ISO 8601確認
2026-04-19 21:18:05,17179246901343668746,https://hinyan1016.hatenablog.com/entry/2026/01/13/234631,自己免疫性脳炎後てんかんにおける治療終了戦略,ok,置換 1件,1,ok: ISO 8601確認
2026-04-19 21:18:08,17179246901343667495,https://hinyan1016.hatenablog.com/entry/2026/01/13/234604,後縦靱帯骨化症（OPLL）とは,ok,置換 1件,1,ok: ISO 8601確認
2026-04-19 21:18:12,17179246901343661974,https://hinyan1016.hatenablog.com/entry/2026/01/13/234528,肝硬変による胸水（肝性胸水）の特徴と治療,ok,置換 1件,1,ok: ISO 8601確認
2026-04-19 21:18:15,17179246901343593695,https://hinyan1016.hatenablog.com/entry/2026/01/13/174156,肺癌化学療法の進歩（2006–2026）：非小細胞肺癌と小細胞肺癌の20年の歩み,ok,置換 1件,1,ok: ISO 8601確認
2026-04-19 21:18:18,17179246901343507627,https://hinyan1016.hatenablog.com/entry/2026/01/13/151818,HV・EV・PHVの環境性能比較（日本の電力事情を踏まえて10年間使用時）,ok,置換 1件,1,ok: ISO 8601確認
2026-04-19 21:18:21,17179246901343452085,https://hinyan1016.hatenablog.com/entry/2026/01/13/030022,生きがい探しの完全ガイド：科学的根拠と実践的ステップで見つける、あなただけの「人生の羅針盤」,ok,置換 1件,1,ok: ISO 8601確認
2026-04-19 21:18:24,17179246901343401968,https://hinyan1016.hatenablog.com/entry/2026/01/12/223601,なぜ「普通の日々」が、幸福の答えなのか？——科学と哲学が解き明かす、ありふれた日常の価値,ok,置換 1件,1,ok: ISO 8601確認
2026-04-19 21:18:27,17179246901343094112,https://hinyan1016.hatenablog.com/entry/2026/01/12/040416,冬に屋根を開けて走るオープンカーが意外と暖かい理由,ok,置換 1件,1,ok: ISO 8601確認
2026-04-19 21:18:30,17179246901343085389,https://hinyan1016.hatenablog.com/entry/2026/01/12/022008,地球温暖化の実態：最新の科学と社会動向,ok,置換 1件,1,ok: ISO 8601確認
2026-04-19 21:18:33,17179246901342961526,https://hinyan1016.hatenablog.com/entry/2026/01/11/190850,電気自動車は本当に環境に良い選択か？総合的な考察,ok,置換 1件,1,ok: ISO 8601確認
2026-04-19 21:18:37,17179246901342692357,https://hinyan1016.hatenablog.com/entry/2026/01/11/004510,日本における信者数上位10宗教（新宗教を含む）,ok,置換 1件,1,ok: ISO 8601確認
2026-04-19 21:18:40,17179246901342149412,https://hinyan1016.hatenablog.com/entry/2026/01/10/025002,トランプ大統領が66の国際機関から米国脱退を指示 – 何が起きたのか？,ok,置換 1件,1,ok: ISO 8601確認
2026-04-19 21:18:43,17179246901342210426,https://hinyan1016.hatenablog.com/entry/2026/01/10/024125,高脂血症治療の最新知見 ～LDLとTG、それぞれへのアプローチ～,ok,置換 1件,1,ok: ISO 8601確認
2026-04-19 21:18:46,17179246901341866949,https://hinyan1016.hatenablog.com/entry/2026/01/08/181551,2026年最新・てんかん診療アップデート ～非専門医が知っておくべきポイント～,ok,置換 1件,1,ok: ISO 8601確認
2026-04-19 21:18:49,17179246901341707297,https://hinyan1016.hatenablog.com/entry/2026/01/08/132500,医療従事者が知っているべき「高血圧」解説（日本の疫学＋JSH2025の考え方）,ok,置換 1件,1,ok: ISO 8601確認
2026-04-19 21:18:52,17179246901341781580,https://hinyan1016.hatenablog.com/entry/2026/01/08/112543,高齢者のインフルエンザで言動がおかしいのは、脳症ではなく「せん妄」であることが多い,ok,置換 1件,1,ok: ISO 8601確認
2026-04-19 21:18:56,17179246901341322136,https://hinyan1016.hatenablog.com/entry/2026/01/07/063857,ベネズエラ：チャベスからマドゥロまで – 反米革命とその行方,ok,置換 1件,1,ok: ISO 8601確認
2026-04-19 21:18:59,17179246901341100178,https://hinyan1016.hatenablog.com/entry/2026/01/06/132508,周術期抗血栓薬管理と脳梗塞予防：外科からの相談に答える実践ガイド,ok,置換 1件,1,ok: ISO 8601確認
2026-04-19 21:19:02,17179246901340992606,https://hinyan1016.hatenablog.com/entry/2026/01/06/023400,腓骨神経麻痺と日常生活：転倒予防と生活の工夫,ok,置換 1件,1,ok: ISO 8601確認
2026-04-19 21:19:05,17179246901340991340,https://hinyan1016.hatenablog.com/entry/2026/01/06/021814,高尿酸血症と薬物治療,ok,置換 1件,1,ok: ISO 8601確認
2026-04-19 21:19:08,17179246901340907742,https://hinyan1016.hatenablog.com/entry/2026/01/05/204955,MRI検査と閉所恐怖症への対応・鎮静管理 総説,ok,置換 1件,1,ok: ISO 8601確認
2026-04-19 21:19:11,17179246901340211688,https://hinyan1016.hatenablog.com/entry/2026/01/03/224648,レアアース供給を巡る中国の存在感：,ok,置換 1件,1,ok: ISO 8601確認
2026-04-19 21:19:14,17179246901339599588,https://hinyan1016.hatenablog.com/entry/2026/01/02/182831,救急搬送後24時間以内の死亡＝必ず警察？｜異状死届出の考え方（医師向け）,ok,置換 1件,1,ok: ISO 8601確認
2026-04-19 21:19:18,17179246901339594096,https://hinyan1016.hatenablog.com/entry/2026/01/02/180628,外見自己評価（ボディイメージ）とメンタルヘルスの関係,ok,置換 1件,1,ok: ISO 8601確認
2026-04-19 21:19:20,17179246901339033871,https://hinyan1016.hatenablog.com/entry/2026/01/01/110301,医学に直接関係のない最近の動画まとめ,ok,置換 21件,21,ok: ISO 8601確認
2026-04-19 21:19:24,17179246901338841695,https://hinyan1016.hatenablog.com/entry/2025/12/31/204902,境界領域の患者は誰が主担当？──総合病院あるあるをAI 4種に聞いてみた,ok,置換 1件,1,ok: ISO 8601確認
2026-04-19 21:19:27,17179246901338796172,https://hinyan1016.hatenablog.com/entry/2025/12/31/183901,りんご飴を「きれいに切る」コツ完全ガイド,ok,置換 1件,1,ok: ISO 8601確認
2026-04-19 21:19:30,17179246901338462562,https://hinyan1016.hatenablog.com/entry/2025/12/31/001043,腸内ガス（おなら）のにおいの原因：医学的メカニズムと対策,ok,置換 1件,1,ok: ISO 8601確認
2026-04-19 21:19:33,17179246901338123567,https://hinyan1016.hatenablog.com/entry/2025/12/30/060731,JR「大回り乗車（大都市近郊区間内特例）」のルール解説,ok,置換 1件,1,ok: ISO 8601確認
2026-04-19 21:19:36,17179246901337954405,https://hinyan1016.hatenablog.com/entry/2025/12/29/171922,生成AIの規制・著作権・責任問題をめぐる論点整理,ok,置換 1件,1,ok: ISO 8601確認
2026-04-19 21:19:39,17179246901337799758,https://hinyan1016.hatenablog.com/entry/2025/12/29/105701,医療従事者のための性的指向・性嗜好・パラフィリアの理解と対応,ok,置換 1件,1,ok: ISO 8601確認
2026-04-19 21:19:43,17179246901337705748,https://hinyan1016.hatenablog.com/entry/2025/12/28/214258,原発再稼働の論点整理：リスク・コスト・代替手段を比較,ok,置換 1件,1,ok: ISO 8601確認
2026-04-19 21:19:46,17179246901337698996,https://hinyan1016.hatenablog.com/entry/2025/12/28/212135,防衛費増額と財源：抑止力強化 vs 財政負担,ok,置換 1件,1,ok: ISO 8601確認
2026-04-19 21:19:49,17179246901337688185,https://hinyan1016.hatenablog.com/entry/2025/12/28/204520,移民・外国人労働者受け入れの前提知識を学ぶ,ok,置換 1件,1,ok: ISO 8601確認
2026-04-19 21:19:52,17179246901337669419,https://hinyan1016.hatenablog.com/entry/2025/12/28/194119,選択的夫婦別姓をめぐる論点整理,ok,置換 1件,1,ok: ISO 8601確認
2026-04-19 21:19:55,17179246901337461359,https://hinyan1016.hatenablog.com/entry/2025/12/28/085237,2025年版：アトピー性皮膚炎の外用治療ガイド ～20年でここまで進歩しました！～,ok,置換 1件,1,ok: ISO 8601確認
2026-04-19 21:19:59,17179246901337106108,https://hinyan1016.hatenablog.com/entry/2025/12/27/072816,サウナ・温冷交代浴の科学：「整う」感覚のメカニズムと健康への影響,ok,置換 1件,1,ok: ISO 8601確認
2026-04-19 21:20:03,17179246901336609318,https://hinyan1016.hatenablog.com/entry/2025/12/25/190036,神経梅毒（Neurosyphilis）：疫学から治療・フォローアップまで,ok,置換 1件,1,ok: ISO 8601確認
2026-04-19 21:20:06,17179246901336497802,https://hinyan1016.hatenablog.com/entry/2025/12/25/155947,繰り返される頭部衝撃の長期影響：認知機能低下とパーキンソニズムに関する最新エビデンス,ok,置換 1件,1,ok: ISO 8601確認
2026-04-19 21:20:09,17179246901336545047,https://hinyan1016.hatenablog.com/entry/2025/12/25/151146,急性腎不全（AKI）の鑑別と初期対応 —腎臓専門でない内科医のための実践ガイド—,ok,置換 1件,1,ok: ISO 8601確認
2026-04-19 21:20:12,17179246901336153748,https://hinyan1016.hatenablog.com/entry/2025/12/24/141131,出血性脳梗塞を伴う心原性脳塞栓症：抗凝固療法開始の考え方,ok,置換 1件,1,ok: ISO 8601確認
2026-04-19 21:20:15,17179246901335329435,https://hinyan1016.hatenablog.com/entry/2025/12/23/144018,観念運動失行（Ideomotor Apraxia）：概念・病態・診察法の総説,ok,置換 1件,1,ok: ISO 8601確認
2026-04-19 21:20:18,17179246901335708194,https://hinyan1016.hatenablog.com/entry/2025/12/23/070547,日本の世代別解説：団塊世代からZ世代・α世代まで,ok,置換 1件,1,ok: ISO 8601確認
2026-04-19 21:20:21,17179246901335470335,https://hinyan1016.hatenablog.com/entry/2025/12/22/142408,「割のいいギャンブル」は存在するのか？還元率から見る各ギャンブルの真実,ok,置換 1件,1,ok: ISO 8601確認
2026-04-19 21:20:25,17179246901333747979,https://hinyan1016.hatenablog.com/entry/2025/12/17/165130,茶道入門：歴史から流派の違い・お茶会の楽しみ方まで,ok,置換 1件,1,ok: ISO 8601確認
2026-04-19 21:20:28,17179246901333375839,https://hinyan1016.hatenablog.com/entry/2025/12/16/182311,半固形剤、ラコールからイノソリッドへ,ok,置換 1件,1,ok: ISO 8601確認
2026-04-19 21:20:31,17179246901333268906,https://hinyan1016.hatenablog.com/entry/2025/12/16/123701,人生は何で決まる？遺伝・環境・努力の真実を科学する,ok,置換 1件,1,ok: ISO 8601確認
2026-04-19 21:20:35,17179246901333182163,https://hinyan1016.hatenablog.com/entry/2025/12/16/060521,勉強をするのは何のためか――人生の問いをChatGPT5.2pro extended thinkingにきく,ok,置換 1件,1,ok: ISO 8601確認
2026-04-19 21:20:38,17179246901332868306,https://hinyan1016.hatenablog.com/entry/2025/12/15/091336,フィッシング詐欺メールの見分け方：騙されないための実践チェックリスト,ok,置換 1件,1,ok: ISO 8601確認
2026-04-19 21:20:41,17179246901330689579,https://hinyan1016.hatenablog.com/entry/2025/12/09/214202,成人の感覚性ポリニューロパチーの鑑別診断,ok,置換 1件,1,ok: ISO 8601確認
2026-04-19 21:20:45,17179246901330493774,https://hinyan1016.hatenablog.com/entry/2025/12/09/102429,GABAサプリメントのエビデンス：ストレス・睡眠・血圧への効果を科学的に検証,ok,置換 1件,1,ok: ISO 8601確認
2026-04-19 21:20:48,17179246901330225698,https://hinyan1016.hatenablog.com/entry/2025/12/08/153032,静脈血栓塞栓症（VTE）のリスク評価 – 2025年改訂ガイドラインに基づく対象別アプローチ,ok,置換 1件,1,ok: ISO 8601確認
2026-04-19 21:20:51,17179246901329033069,https://hinyan1016.hatenablog.com/entry/2025/12/05/144847,【実践】パーキンソン病患者のせん妄：評価から治療まで ─ 経口摂取不可時の対応を含めて,ok,置換 1件,1,ok: ISO 8601確認
2026-04-19 21:20:54,17179246901328103149,https://hinyan1016.hatenablog.com/entry/2025/12/03/094320,ビタミンB12欠乏症：診断と治療の体系的アプローチ,ok,置換 1件,1,ok: ISO 8601確認
2026-04-19 21:20:57,17179246901328059605,https://hinyan1016.hatenablog.com/entry/2025/12/03/061931,ドパミンアゴニスト離脱症候群（DAWS）：パーキンソン病治療における「諸刃の剣」,ok,置換 1件,1,ok: ISO 8601確認
2026-04-19 21:21:00,17179246901327800215,https://hinyan1016.hatenablog.com/entry/2025/12/02/122106,2025年12月時点でのインフルエンザ流行状況とその特徴,ok,置換 1件,1,ok: ISO 8601確認
2026-04-19 21:21:03,17179246901327594122,https://hinyan1016.hatenablog.com/entry/2025/12/01/201733,意識消失発作と「いびき」― 失神とてんかんをどう見分けるか,ok,置換 1件,1,ok: ISO 8601確認
2026-04-19 21:21:06,17179246901327582937,https://hinyan1016.hatenablog.com/entry/2025/12/01/194131,尺骨神経障害の生活指導 ―肘部管症候群・ギオン管症候群を中心に―,ok,置換 1件,1,ok: ISO 8601確認
2026-04-19 21:21:09,17179246901326432779,https://hinyan1016.hatenablog.com/entry/2025/11/28/211119,群発頭痛の診断と治療【2025年最新版】,ok,置換 1件,1,ok: ISO 8601確認
2026-04-19 21:21:13,17179246901326420247,https://hinyan1016.hatenablog.com/entry/2025/11/28/202940,脊髄小脳変性症のリハビリテーション：ガイドラインと最新エビデンスに基づく初期指導,ok,置換 1件,1,ok: ISO 8601確認
2026-04-19 21:21:16,17179246901325789555,https://hinyan1016.hatenablog.com/entry/2025/11/27/093345,GLP-1受容体作動薬は膵臓を疲弊させるのか？最新エビデンスまとめ,ok,置換 1件,1,ok: ISO 8601確認
2026-04-19 21:21:19,17179246901325244543,https://hinyan1016.hatenablog.com/entry/2025/11/25/201026,不顕性誤嚥と逆流性誤嚥における神経学的・消化器学的クロストーク：脳神経内科医のための包括的マネジメントと治療戦略,ok,置換 2件,2,ok: ISO 8601確認
2026-04-19 21:21:22,17179246901325039144,https://hinyan1016.hatenablog.com/entry/2025/11/25/091008,"ゲーム課金が止まらない「本当の理由」とは？意志力に頼らず""沼""から抜け出す5つの科学的戦略",ok,置換 1件,1,ok: ISO 8601確認
2026-04-19 21:21:25,17179246901324959135,https://hinyan1016.hatenablog.com/entry/2025/11/25/030708,なぜか人生が楽な人が実践している「鈍感力」という最強スキル,ok,置換 1件,1,ok: ISO 8601確認
2026-04-19 21:21:28,17179246901323298991,https://hinyan1016.hatenablog.com/entry/2025/11/20/123541,「病院でスマホは禁止」はもう古い？医療現場の電波事情と本当に気をつけるべき現代のリスク,ok,置換 1件,1,ok: ISO 8601確認
2026-04-19 21:21:31,17179246901322893727,https://hinyan1016.hatenablog.com/entry/2025/11/19/063658,医学的に正しい入浴法：疲労回復と快眠のための完全ガイド,ok,置換 1件,1,ok: ISO 8601確認
2026-04-19 21:21:34,17179246901317914306,https://hinyan1016.hatenablog.com/entry/2025/11/13/121514,日本の紅葉：色づくメカニズムと気候・地域差の科学的解説,ok,置換 1件,1,ok: ISO 8601確認
2026-04-19 21:21:37,17179246901317824028,https://hinyan1016.hatenablog.com/entry/2025/11/13/092759,加齢臭とは何か:原因と対策の総説,ok,置換 1件,1,ok: ISO 8601確認
2026-04-19 21:21:41,17179246901317023217,https://hinyan1016.hatenablog.com/entry/2025/11/12/074125,救急外来でのてんかん発作対応,ok,置換 1件,1,ok: ISO 8601確認
2026-04-19 21:21:44,17179246901315709379,https://hinyan1016.hatenablog.com/entry/2025/11/10/084626,コラージュフルフルとは：抗真菌成分配合の低刺激性ヘア・ボディケアシリーズ,ok,置換 2件,2,ok: ISO 8601確認
2026-04-19 21:21:47,17179246901312381021,https://hinyan1016.hatenablog.com/entry/2025/11/05/165406,2025年インフルエンザ流行状況：早期流行の傾向と対策,ok,置換 1件,1,ok: ISO 8601確認
2026-04-19 21:21:51,17179246901312220045,https://hinyan1016.hatenablog.com/entry/2025/11/05/115554,多発脳神経障害の鑑別と診断アプローチ,ok,置換 1件,1,ok: ISO 8601確認
2026-04-19 21:21:54,17179246901310649451,https://hinyan1016.hatenablog.com/entry/2025/11/02/184932,沼・池・湖・潟の違いを自然地理学の視点から解説,ok,置換 1件,1,ok: ISO 8601確認
2026-04-19 21:21:58,17179246901310366056,https://hinyan1016.hatenablog.com/entry/2025/11/02/122708,脊髄梗塞の総説：疫学から予防まで,ok,置換 1件,1,ok: ISO 8601確認
2026-04-19 21:22:01,6802888565300320152,https://hinyan1016.hatenablog.com/entry/2025/10/27/045612,心因性非てんかん発作（PNES）総説,ok,置換 1件,1,ok: ISO 8601確認
2026-04-19 21:22:04,6802888565297668024,https://hinyan1016.hatenablog.com/entry/2025/10/25/070034,電気けいれん療法（ECT）総説 ― 医療従事者のための基礎知識と最新動向,ok,置換 1件,1,ok: ISO 8601確認
2026-04-19 21:22:07,6802888565297667392,https://hinyan1016.hatenablog.com/entry/2025/10/24/184832,🥬 リーフレタスが苦くなるのはなぜ？原因と対策,ok,置換 1件,1,ok: ISO 8601確認
2026-04-19 21:22:10,6802888565297017681,https://hinyan1016.hatenablog.com/entry/2025/10/24/061916,成人気管支喘息の標準治療,ok,置換 1件,1,ok: ISO 8601確認
2026-04-19 21:22:13,6802888565295007249,https://hinyan1016.hatenablog.com/entry/2025/10/22/102910,重度認知症患者の終末期の栄養のとり方について – ご家族向け説明資料,ok,置換 1件,1,ok: ISO 8601確認
2026-04-19 21:22:16,6802888565294689292,https://hinyan1016.hatenablog.com/entry/2025/10/22/001349,誤嚥性肺炎を繰り返す重度認知症患者の栄養管理の選択肢,ok,置換 1件,1,ok: ISO 8601確認
2026-04-19 21:22:20,6802888565293645197,https://hinyan1016.hatenablog.com/entry/2025/10/21/104745,出血管理におけるアドナ（カルバゾクロム）とトランサミン（トラネキサム酸）：作用・適応・エビデンス・実装,ok,置換 1件,1,ok: ISO 8601確認
2026-04-19 21:22:23,6802888565292445598,https://hinyan1016.hatenablog.com/entry/2025/10/19/224322,日本で増えるクマ被害：2020年以降の動向と2025年最新状況,ok,置換 1件,1,ok: ISO 8601確認
2026-04-19 21:22:26,6802888565291699308,https://hinyan1016.hatenablog.com/entry/2025/10/19/071354,京都市、2026年3月から宿泊税引き上げへ – 背景と新制度の詳細,ok,置換 1件,1,ok: ISO 8601確認
2026-04-19 21:22:29,6802888565288949127,https://hinyan1016.hatenablog.com/entry/2025/10/16/110924,日本における自転車利用の交通規制強化,ok,置換 1件,1,ok: ISO 8601確認
2026-04-19 21:22:33,6802888565287945574,https://hinyan1016.hatenablog.com/entry/2025/10/15/104708,両側性視神経炎を起こす疾患：鑑別と臨床のポイント,ok,置換 1件,1,ok: ISO 8601確認
2026-04-19 21:22:36,6802888565284637966,https://hinyan1016.hatenablog.com/entry/2025/10/12/123944,穿通枝梗塞（BAD）の進行管理：日本の治療戦略とエビデンス,ok,置換 1件,1,ok: ISO 8601確認
2026-04-19 21:22:39,6802888565282932088,https://hinyan1016.hatenablog.com/entry/2025/10/11/063144,クロナゼパム：多彩な適応とエビデンス・安全性の深掘り,ok,置換 1件,1,ok: ISO 8601確認
2026-04-19 21:22:42,6802888565282853666,https://hinyan1016.hatenablog.com/entry/2025/10/10/224630,パーキンソン病治療におけるMAO-B阻害薬3剤の特徴と使い分け,ok,置換 1件,1,ok: ISO 8601確認
2026-04-19 21:22:45,6802888565281031155,https://hinyan1016.hatenablog.com/entry/2025/10/09/125850,ノーベル化学賞を受賞した北川進特別教授の研究内容とは,ok,置換 1件,1,ok: ISO 8601確認
2026-04-19 21:22:49,6802888565280952889,https://hinyan1016.hatenablog.com/entry/2025/10/09/101848,日本のメタボ腹囲基準（男性85cm・女性90cm）の根拠と課題,ok,置換 1件,1,ok: ISO 8601確認
2026-04-19 21:22:52,6802888565280132254,https://hinyan1016.hatenablog.com/entry/2025/10/08/160652,"神経変性疾患における慢性期栄養管理ガイド（PD, ALSを中心に）",ok,置換 1件,1,ok: ISO 8601確認
2026-04-19 21:22:55,6802888565280028149,https://hinyan1016.hatenablog.com/entry/2025/10/08/142332,NIHSSスコア5点以下の軽症脳梗塞における急性期抗血栓療法の選択,ok,置換 1件,1,ok: ISO 8601確認
2026-04-19 21:22:57,6802888565278587043,https://hinyan1016.hatenablog.com/entry/2025/10/08/021153,主治医意見書で迷わない！障害高齢者・認知症高齢者の日常生活自立度を覚えるコツ,ok,置換 1件,1,ok: ISO 8601確認
2026-04-19 21:23:01,6802888565278318147,https://hinyan1016.hatenablog.com/entry/2025/10/07/071626,制御性T細胞の発見が拓いた免疫学の新時代 — 坂口志文先生のノーベル賞研究を解説,ok,置換 1件,1,ok: ISO 8601確認
2026-04-19 21:23:04,6802888565275603079,https://hinyan1016.hatenablog.com/entry/2025/10/05/201316,筋萎縮性側索硬化症（ALS）における高エネルギー栄養療法と胃ろう早期導入のエビデンスレビュー,ok,置換 1件,1,ok: ISO 8601確認
2026-04-19 21:23:08,6802888565268301602,https://hinyan1016.hatenablog.com/entry/2025/10/02/115704,日本におけるてんかん患者の運転免許制度 – 中型・準中型免許を中心に,ok,置換 1件,1,ok: ISO 8601確認
2026-04-19 21:23:11,6802888565257890696,https://hinyan1016.hatenablog.com/entry/2025/09/27/224555,ポリカルボフィルカルシウム（ポリフル）の供給不足と代替薬の選び方,ok,置換 1件,1,ok: ISO 8601確認
2026-04-19 21:23:14,6802888565242902711,https://hinyan1016.hatenablog.com/entry/2025/09/20/081129,成人のチックとてんかん発作の鑑別ポイント,ok,置換 4件,4,ok: ISO 8601確認
2026-04-19 21:23:16,6802888565227131700,https://hinyan1016.hatenablog.com/entry/2025/09/11/191613,なぜ東日本は50Hz、西日本は60Hz？日本で交流周波数が異なる理由,ok,置換 1件,1,ok: ISO 8601確認
2026-04-19 21:23:20,6802888565217981357,https://hinyan1016.hatenablog.com/entry/2025/09/06/083747,フェンフルラミン（フィンテプラ）による難治てんかんの治療,ok,置換 1件,1,ok: ISO 8601確認
2026-04-19 21:23:23,6802888565214750532,https://hinyan1016.hatenablog.com/entry/2025/09/04/184231,心房細動による脳塞栓後の抗凝固療法：CHA₂DS₂-VASc評価と治療戦略,ok,置換 1件,1,ok: ISO 8601確認
2026-04-19 21:23:27,6802888565214255487,https://hinyan1016.hatenablog.com/entry/2025/09/04/113855,高齢嚥下障害患者の誤嚥性肺炎における抗菌薬治療ガイド,ok,置換 1件,1,ok: ISO 8601確認
2026-04-19 21:23:30,6802888565212124111,https://hinyan1016.hatenablog.com/entry/2025/09/03/114055,医師が考えるFIRE（早期リタイア）：経済的自由で人生にゆとりを,ok,置換 1件,1,ok: ISO 8601確認
2026-04-19 21:23:33,6802418398566190038,https://hinyan1016.hatenablog.com/entry/2025/08/28/190822,FreeStyleリブレ2の保険適用と利用方法（リライト版）,ok,置換 1件,1,ok: ISO 8601確認
2026-04-19 21:23:36,6802418398565654765,https://hinyan1016.hatenablog.com/entry/2025/08/28/103421,熱中症の危険因子と予防対策,ok,置換 1件,1,ok: ISO 8601確認
2026-04-19 21:23:40,6802418398565476182,https://hinyan1016.hatenablog.com/entry/2025/08/28/063350,ドラッグ・リポジショニング解説：臨床医のための実務ガイド,ok,置換 1件,1,ok: ISO 8601確認
2026-04-19 21:23:43,6802418398555993595,https://hinyan1016.hatenablog.com/entry/2025/08/21/095937,ヘルペス脳炎（HSV脳炎）の診断と治療,ok,置換 1件,1,ok: ISO 8601確認
2026-04-19 21:23:46,6802418398553833277,https://hinyan1016.hatenablog.com/entry/2025/08/19/204155,CRISPR/Cas9の仕組みと最新動向（2025年）,ok,置換 3件,3,ok: ISO 8601確認
2026-04-19 21:23:49,6802418398552224768,https://hinyan1016.hatenablog.com/entry/2025/08/18/204551,心肺蘇生後の脳機能予後評価：最新エビデンスに基づく実践ガイド,ok,置換 1件,1,ok: ISO 8601確認
2026-04-19 21:23:53,6802418398549884277,https://hinyan1016.hatenablog.com/entry/2025/08/17/082426,アドバンス・ケア・プランニング（ACP）を深掘り：人生会議のすすめ,ok,置換 1件,1,ok: ISO 8601確認
2026-04-19 21:23:56,6802418398542671388,https://hinyan1016.hatenablog.com/entry/2025/08/12/051403,幸福とは何か——定義から実践までのやさしい大全,ok,置換 1件,1,ok: ISO 8601確認
2026-04-19 21:23:59,6802418398537219711,https://hinyan1016.hatenablog.com/entry/2025/08/07/221658,肝性脳症（Hepatic Encephalopathy: HE）完全ガイド 2025年版,ok,置換 1件,1,ok: ISO 8601確認
2026-04-19 21:24:02,6802418398535691032,https://hinyan1016.hatenablog.com/entry/2025/08/06/102359,右基底核脳梗塞による吃逆：文献的検証と臨床的意義,ok,置換 1件,1,ok: ISO 8601確認
2026-04-19 21:24:05,6802418398535606766,https://hinyan1016.hatenablog.com/entry/2025/08/06/094802,"眼筋型重症筋無力症（Ocular Myasthenia Gravis, OMG）- 2025年最新エビデンス",ok,置換 1件,1,ok: ISO 8601確認
2026-04-19 21:24:08,6802418398498158524,https://hinyan1016.hatenablog.com/entry/2025/07/21/224948,昆虫はなぜ海にいないのか？,ok,置換 1件,1,ok: ISO 8601確認
2026-04-19 21:24:11,6802418398511531798,https://hinyan1016.hatenablog.com/entry/2025/07/15/044000,かかりつけ医のためのBPSD対応向精神薬使用ガイドライン第3版ポイント解説,ok,置換 1件,1,ok: ISO 8601確認
2026-04-19 21:24:15,6802418398509446919,https://hinyan1016.hatenablog.com/entry/2025/07/13/044315,不眠に対する非薬物療法：最新エビデンスと日本の臨床現場における実践ガイド,ok,置換 3件,3,ok: ISO 8601確認
2026-04-19 21:24:18,6802418398502304795,https://hinyan1016.hatenablog.com/entry/2025/07/06/192148,【一般内科医のための神経調節性失神ガイド】病態生理から最新治療、高齢者へのアプローチまで,ok,置換 2件,2,ok: ISO 8601確認
2026-04-19 21:24:22,6802418398501803888,https://hinyan1016.hatenablog.com/entry/2025/07/06/130255,脳梗塞診療の20年を振り返る：tPAから血管内治療、そして個別化医療の未来へ,ok,置換 2件,2,ok: ISO 8601確認
2026-04-19 21:24:25,6802418398500276760,https://hinyan1016.hatenablog.com/entry/2025/07/05/072731,脳波所見BIRDs (Brief Potentially Ictal Rhythmic Discharges) の臨床的意義と実践的アプローチ：ACNS 2021ガイドラインに基づく総説,ok,置換 1件,1,ok: ISO 8601確認
2026-04-19 21:24:28,6802418398496102662,https://hinyan1016.hatenablog.com/entry/2025/07/03/091339,アルツハイマー型認知症治療の地殻変動：過去20年の進歩と未来への多角的挑戦,ok,置換 1件,1,ok: ISO 8601確認
2026-04-19 21:24:31,6802418398492982676,https://hinyan1016.hatenablog.com/entry/2025/06/29/142925,2025年版：日本の予防接種一覧と年齢別ワクチン計画,ok,置換 1件,1,ok: ISO 8601確認
2026-04-19 21:24:35,6802418398468713283,https://hinyan1016.hatenablog.com/entry/2025/06/10/083946,歯状核赤核淡蒼球ルイ体萎縮症（DRPLA）の総説,ok,置換 1件,1,ok: ISO 8601確認
2026-04-19 21:24:38,6802418398461743544,https://hinyan1016.hatenablog.com/entry/2025/06/05/120955,回復期リハ病棟の対象疾患と神経領域の適応解説,ok,置換 1件,1,ok: ISO 8601確認
2026-04-19 21:24:41,6802418398458856967,https://hinyan1016.hatenablog.com/entry/2025/06/03/152053,BUN（血中尿素窒素）上昇の鑑別：一般内科医のための包括的解説,ok,置換 1件,1,ok: ISO 8601確認
2026-04-19 21:24:44,6802418398458205519,https://hinyan1016.hatenablog.com/entry/2025/06/03/082611,良性発作性頭位めまい症（BPPV）の効果的な体操法：どの半規管にも対応できる実践的アプローチ,ok,置換 2件,2,ok: ISO 8601確認
2026-04-19 21:24:47,6802418398456122810,https://hinyan1016.hatenablog.com/entry/2025/06/01/222536,「食べてすぐ寝ると牛になる」は本当？最新研究で分かった健康リスクと対策法,ok,置換 1件,1,ok: ISO 8601確認
2026-04-19 21:24:50,6802418398450368228,https://hinyan1016.hatenablog.com/entry/2025/05/29/140015,ワーファリン用量調整の実践ポイント,ok,置換 1件,1,ok: ISO 8601確認
2026-04-19 21:24:53,6802418398441886069,https://hinyan1016.hatenablog.com/entry/2025/05/23/192201,悪性腫瘍関連脳梗塞（トルーソー症候群）に対する抗凝固療法の選択,ok,置換 1件,1,ok: ISO 8601確認
2026-04-19 21:24:56,6802418398411984148,https://hinyan1016.hatenablog.com/entry/2025/05/06/151229,低ナトリウム血症の臨床鑑別アプローチ,ok,置換 1件,1,ok: ISO 8601確認
2026-04-19 21:25:00,6802418398410386374,https://hinyan1016.hatenablog.com/entry/2025/05/05/233646,高齢者によく見られる皮膚のかゆみ（加齢性掻痒症）とは,ok,置換 1件,1,ok: ISO 8601確認
2026-04-19 21:25:02,6802418398380798300,https://hinyan1016.hatenablog.com/entry/2025/04/26/081712,プレドニゾロン長期使用時の合併症対策と併用薬ガイド,ok,置換 1件,1,ok: ISO 8601確認
2026-04-19 21:25:05,6802418398379619695,https://hinyan1016.hatenablog.com/entry/2025/04/25/194043,アロチノロール生産中止による本態性振戦治療への影響と代替薬の現状,ok,置換 1件,1,ok: ISO 8601確認
2026-04-19 21:25:09,6802418398365013330,https://hinyan1016.hatenablog.com/entry/2025/04/21/174244,手根管症候群（しゅこんかんしょうこうぐん）の生活ガイド　2025年度最新版,ok,置換 1件,1,ok: ISO 8601確認
2026-04-19 21:25:12,6802418398344679918,https://hinyan1016.hatenablog.com/entry/2025/04/15/122215,内科医のためのARB処方ガイド：製剤ごとの特徴と臨床での使い分け,ok,置換 1件,1,ok: ISO 8601確認
2026-04-19 21:25:15,6802418398344622944,https://hinyan1016.hatenablog.com/entry/2025/04/15/072144,不眠症の非薬物療法：種類、効果とプライマリケアでの実践,ok,置換 1件,1,ok: ISO 8601確認
2026-04-19 21:25:19,6802418398344480647,https://hinyan1016.hatenablog.com/entry/2025/04/14/175142,Evidence-based健康長寿戦略：高齢になっても元気でいるためにできること,ok,置換 1件,1,ok: ISO 8601確認
2026-04-19 21:25:22,6802418398343857247,https://hinyan1016.hatenablog.com/entry/2025/04/12/121241,パーキンソン病における流涎（よだれ）：発生メカニズムから治療まで,ok,置換 1件,1,ok: ISO 8601確認
2026-04-19 21:25:26,6802418398343701723,https://hinyan1016.hatenablog.com/entry/2025/04/11/190147,脳表ヘモジデリン沈着症 (Superficial Siderosis of the CNS): 最新の知見と臨床的アプローチ,ok,置換 1件,1,ok: ISO 8601確認
2026-04-19 21:25:29,6802418398341889417,https://hinyan1016.hatenablog.com/entry/2025/04/04/174249,終末期における皮下点滴（Hypodermoclysis）の実践ガイド,ok,置換 1件,1,ok: ISO 8601確認
2026-04-19 21:25:33,6802418398340466457,https://hinyan1016.hatenablog.com/entry/2025/03/30/095950,心不全診療の羅針盤：BNP/NT-proBNPを使いこなす～2025年改訂版 心不全診療ガイドラインを踏まえて～,ok,置換 1件,1,ok: ISO 8601確認
2026-04-19 21:25:36,6802418398340374932,https://hinyan1016.hatenablog.com/entry/2025/03/29/222757,2025年版心不全診療ガイドライン：最新の変更点と臨床的意義,ok,置換 1件,1,ok: ISO 8601確認
2026-04-19 21:25:40,6802418398337896797,https://hinyan1016.hatenablog.com/entry/2025/03/20/083411,ADHD傾向の人・片付け苦手な人のための引っ越し整理整頓ガイド,ok,置換 1件,1,ok: ISO 8601確認
2026-04-19 21:25:42,6802418398337392217,https://hinyan1016.hatenablog.com/entry/2025/03/18/074322,高齢者に発症するアステリクシスを伴う一過性ミオクローヌス状態（TMA）：知っておくべき診断と治療,ok,置換 1件,1,ok: ISO 8601確認
2026-04-19 21:25:45,6802418398334556684,https://hinyan1016.hatenablog.com/entry/2025/03/07/185303,グレープフルーツが薬を変える!? 知っておきたい柑橘類と薬の危険な関係,ok,置換 1件,1,ok: ISO 8601確認
