timestamp,entry_id,title,url,status,detail
2026-04-15 05:38:41,17179246901370893311,三叉神経痛 ― 神経内科医視点の鑑別診断と治療戦略,https://hinyan1016.hatenablog.com/entry/2026/03/30/185536,ok,https://hinyan1016.hatenablog.com/entry/2026/03/30/185536
2026-04-15 05:38:44,17179246901369996860,【完全版】細胞外液補充液の使い分け｜生食・リンゲル液を徹底比較,https://hinyan1016.hatenablog.com/entry/2026/03/29/063210,ok,https://hinyan1016.hatenablog.com/entry/2026/03/29/063210
2026-04-15 05:38:47,17179246901369331318,低栄養・フレイル・複数疾患の食事指導｜制限しすぎないための優先順位,https://hinyan1016.hatenablog.com/entry/2026/03/26/155954,ok,https://hinyan1016.hatenablog.com/entry/2026/03/26/155954
2026-04-15 05:38:50,17179246901369346953,消化管手術後の食事指導｜少量頻回と症状別対応の考え方,https://hinyan1016.hatenablog.com/entry/2026/03/27/051317,ok,https://hinyan1016.hatenablog.com/entry/2026/03/27/051317
2026-04-15 05:38:53,17179246901369331339,嚥下障害の食事指導｜やわらかい食事が安全とは限らない,https://hinyan1016.hatenablog.com/entry/2026/03/27/043730,ok,https://hinyan1016.hatenablog.com/entry/2026/03/27/043730
2026-04-15 05:39:12,17179246901369331334,肝臓病の食事指導｜脂肪肝と肝硬変を同じに扱わない,https://hinyan1016.hatenablog.com/entry/2026/03/27/042401,ok,https://hinyan1016.hatenablog.com/entry/2026/03/27/042401
2026-04-15 05:39:15,17179246901369331329,腎臓病の食事指導｜塩分・たんぱく質・カリウムをどう考えるか,https://hinyan1016.hatenablog.com/entry/2026/03/26/192856,ok,https://hinyan1016.hatenablog.com/entry/2026/03/26/192856
2026-04-15 05:39:18,17179246901369354617,肥満の食事指導｜我慢よりも崩れにくい食べ方を作る,https://hinyan1016.hatenablog.com/entry/2026/03/26/161600,ok,https://hinyan1016.hatenablog.com/entry/2026/03/26/161600
2026-04-15 05:39:21,17179246901369331312,糖尿病の食事指導｜甘いものをやめるだけでは改善しない,https://hinyan1016.hatenablog.com/entry/2026/03/26/155039,ok,https://hinyan1016.hatenablog.com/entry/2026/03/26/155039
2026-04-15 05:39:23,17179246901369330996,脂質異常症（高脂血症）の食事指導｜油を減らすだけでは不十分,https://hinyan1016.hatenablog.com/entry/2026/03/26/150523,ok,https://hinyan1016.hatenablog.com/entry/2026/03/26/150523
2026-04-15 05:39:26,17179246901369327011,高血圧の食事指導｜減塩だけでは終わらない外来の基本,https://hinyan1016.hatenablog.com/entry/2026/03/26/143053,ok,https://hinyan1016.hatenablog.com/entry/2026/03/26/143053
2026-04-15 05:39:29,17179246901369321894,食事指導は「何を禁止するか」ではなく「何を守るか」から始める,https://hinyan1016.hatenablog.com/entry/2026/03/26/140918,ok,https://hinyan1016.hatenablog.com/entry/2026/03/26/140918
2026-04-15 05:39:33,17179246901327094310,二日酔い対策ガイド：メカニズムから予防・対処法まで,https://hinyan1016.hatenablog.com/entry/2025/11/30/164447,ok,https://hinyan1016.hatenablog.com/entry/2025/11/30/164447
2026-04-15 05:39:35,17179246901368702300,前庭神経炎 ― 脳卒中を除外しながら考える急性めまいの臨床診断,https://hinyan1016.hatenablog.com/entry/2026/03/24/184115,ok,https://hinyan1016.hatenablog.com/entry/2026/03/24/184115
2026-04-15 05:39:38,17179246901368051004,意識消失発作（TLOC）の鑑別診断 — 失神・てんかん・PNESを見極める系統的アプローチ,https://hinyan1016.hatenablog.com/entry/2026/03/22/220206,ok,https://hinyan1016.hatenablog.com/entry/2026/03/22/220206
2026-04-15 05:39:41,17179246901367959744,貧血の鑑別診断 ─ MCV分類と8ステップで系統的に迫る,https://hinyan1016.hatenablog.com/entry/2026/03/22/171026,ok,https://hinyan1016.hatenablog.com/entry/2026/03/22/171026
2026-04-15 05:39:44,17179246901367798523,肝機能障害（トランスアミナーゼ上昇）の鑑別診断 ─ 7ステップで系統的に迫る,https://hinyan1016.hatenablog.com/entry/2026/03/22/074748,ok,https://hinyan1016.hatenablog.com/entry/2026/03/22/074748
2026-04-15 05:39:47,17179246901367138398,高カルシウム血症の鑑別診断：PTHを軸にした実践的アプローチ,https://hinyan1016.hatenablog.com/entry/2026/03/20/125143,ok,https://hinyan1016.hatenablog.com/entry/2026/03/20/125143
2026-04-15 05:39:50,17179246901366732794,パーキンソン病における誤嚥性肺炎：早期から予測し、予防する合併症,https://hinyan1016.hatenablog.com/entry/2026/03/19/113452,ok,https://hinyan1016.hatenablog.com/entry/2026/03/19/113452
2026-04-15 05:39:53,17179246901366726390,歩行障害・協調運動障害の鑑別診断｜神経診察で局在を絞る実践的アプローチ,https://hinyan1016.hatenablog.com/entry/2026/03/19/110951,ok,https://hinyan1016.hatenablog.com/entry/2026/03/19/110951
2026-04-15 05:39:56,17179246901365568074,呼吸困難（息切れ）の鑑別診断：重症度・時間経過・病態群で組み立てる実践的アプローチ,https://hinyan1016.hatenablog.com/entry/2026/03/16/194738,ok,https://hinyan1016.hatenablog.com/entry/2026/03/16/194738
2026-04-15 05:40:00,17179246901365092569,意識障害の鑑別：局在・病態・時間軸で整理する実践的アプローチ,https://hinyan1016.hatenablog.com/entry/2026/03/15/125012,ok,https://hinyan1016.hatenablog.com/entry/2026/03/15/125012
2026-04-15 05:40:03,17179246901365023443,めまいの鑑別：時間経過・誘因・眼球運動から組み立てる実践的アプローチ,https://hinyan1016.hatenablog.com/entry/2026/03/15/090118,ok,https://hinyan1016.hatenablog.com/entry/2026/03/15/090118
2026-04-15 05:40:06,17179246901365016347,頭痛の鑑別 ── 二次性頭痛を先に拾い、一次性頭痛を積極的に診断する,https://hinyan1016.hatenablog.com/entry/2026/03/15/083259,ok,https://hinyan1016.hatenablog.com/entry/2026/03/15/083259
2026-04-15 05:40:09,17179246901364310352,動物園のゾウはどうやって運ぶのか！？,https://hinyan1016.hatenablog.com/entry/2026/03/13/184534,ok,https://hinyan1016.hatenablog.com/entry/2026/03/13/184534
2026-04-15 05:40:12,17179246901363991053,自己免疫疾患CAR-Tの全体像  ：神経内科医のための整理,https://hinyan1016.hatenablog.com/entry/2026/03/12/103828,ok,https://hinyan1016.hatenablog.com/entry/2026/03/12/103828
2026-04-15 05:40:15,17179246901363135229,レカネマブ投与を検討していた高齢者で心房細動（Af）が見つかったらどうするか,https://hinyan1016.hatenablog.com/entry/2026/03/10/122240,ok,https://hinyan1016.hatenablog.com/entry/2026/03/10/122240
2026-04-15 05:40:18,17179246901362915025,帯状疱疹は「皮膚の病気」ではない ― 神経障害の全体像を理解する,https://hinyan1016.hatenablog.com/entry/2026/03/10/063521,ok,https://hinyan1016.hatenablog.com/entry/2026/03/10/063521
2026-04-15 05:40:21,17179246901362390549,五十肩の非薬物療法 ― 外来で使える実践ガイド,https://hinyan1016.hatenablog.com/entry/2026/03/08/203506,ok,https://hinyan1016.hatenablog.com/entry/2026/03/08/203506
2026-04-15 05:40:25,17179246901361217842,外傷・術後の抗てんかん薬：いつ始めて、いつ止めるか,https://hinyan1016.hatenablog.com/entry/2026/03/05/185910,ok,https://hinyan1016.hatenablog.com/entry/2026/03/05/185910
2026-04-15 05:40:28,17179246901361211386,くも膜嚢胞（Arachnoid Cyst）の臨床総説 — 定義・疫学・病態生理・治療・再発,https://hinyan1016.hatenablog.com/entry/2026/03/05/183646,ok,https://hinyan1016.hatenablog.com/entry/2026/03/05/183646
2026-04-15 05:40:31,17179246901360758546,脳神経内科医がよく遭遇する「誤解」10選 — 外来で何度も説明すること,https://hinyan1016.hatenablog.com/entry/2026/03/04/103556,ok,https://hinyan1016.hatenablog.com/entry/2026/03/04/103556
2026-04-15 05:40:34,17179246901360752701,脳神経内科医がよく遭遇する「漫然検査」10選 — その検査、本当に必要ですか？,https://hinyan1016.hatenablog.com/entry/2026/03/04/101113,ok,https://hinyan1016.hatenablog.com/entry/2026/03/04/101113
2026-04-15 05:40:37,17179246901360743608,脳神経内科医がよく遭遇する「漫然処方薬」10選 — その薬、本当に必要ですか？,https://hinyan1016.hatenablog.com/entry/2026/03/04/093107,ok,https://hinyan1016.hatenablog.com/entry/2026/03/04/093107
2026-04-15 05:40:40,17179246901360420481,【やさしく解説】個人情報保護法の「3年ごと見直し」で何が変わる？ ― 2026年1月の制度改正方針を徹底解説,https://hinyan1016.hatenablog.com/entry/2026/03/03/114423,ok,https://hinyan1016.hatenablog.com/entry/2026/03/03/114423
2026-04-15 05:40:43,17179246901360322442,眼瞼けいれん（ブレファロスパズム）の実践的総説,https://hinyan1016.hatenablog.com/entry/2026/03/03/051916,ok,https://hinyan1016.hatenablog.com/entry/2026/03/03/051916
2026-04-15 05:40:46,17179246901359990374,受精卵への遺伝子編集――医療の福音か、人類への問いかけか,https://hinyan1016.hatenablog.com/entry/2026/03/02/055927,ok,https://hinyan1016.hatenablog.com/entry/2026/03/02/055927
2026-04-15 05:40:49,17179246901359809975,「誰を助けるか」を問い直す ― 医療費48兆円時代の資源配分論,https://hinyan1016.hatenablog.com/entry/2026/03/01/164259,ok,https://hinyan1016.hatenablog.com/entry/2026/03/01/164259
2026-04-15 05:40:52,17179246901359269935,金縛り（睡眠麻痺）を脳神経内科医が医学的に解説：怖いけれど、多くは「病気ではない」現象です,https://hinyan1016.hatenablog.com/entry/2026/02/28/062454,ok,https://hinyan1016.hatenablog.com/entry/2026/02/28/062454
2026-04-15 05:40:54,17179246901358722615,脳のミクログリアって何？ ─ 少し深掘り,https://hinyan1016.hatenablog.com/entry/2026/02/26/151006,ok,https://hinyan1016.hatenablog.com/entry/2026/02/26/151006
2026-04-15 05:40:57,17179246901358720741,アドレノメデュリン（AM）と脳神経領域への応用 ― 血管を守るペプチドの可能性,https://hinyan1016.hatenablog.com/entry/2026/02/26/150249,ok,https://hinyan1016.hatenablog.com/entry/2026/02/26/150249
2026-04-15 05:41:00,17179246901358672989,仕事の疲れをとる「エビデンスのある方法」 ― 忙しい医療者にも実践可能な、科学的に支持された回復戦略 ―,https://hinyan1016.hatenablog.com/entry/2026/02/26/115020,ok,https://hinyan1016.hatenablog.com/entry/2026/02/26/115020
2026-04-15 05:41:03,17179246901358281594,宇宙医学の最前線,https://hinyan1016.hatenablog.com/entry/2026/02/25/121915,ok,https://hinyan1016.hatenablog.com/entry/2026/02/25/121915
2026-04-15 05:41:07,17179246901358095947,寝違え（急性頸部痛・寝違え症候群）の医学的解説と安全な対処法,https://hinyan1016.hatenablog.com/entry/2026/02/24/185136,ok,https://hinyan1016.hatenablog.com/entry/2026/02/24/185136
2026-04-15 05:41:10,17179246901357937383,人間ドックの検査項目：費用対効果が高い検査の見極めと、これから注目される技術,https://hinyan1016.hatenablog.com/entry/2026/02/24/085849,ok,https://hinyan1016.hatenablog.com/entry/2026/02/24/085849
2026-04-15 05:41:13,17179246901357932477,受験本番直前にできること：前日・当日の実務チェックガイド,https://hinyan1016.hatenablog.com/entry/2026/02/24/083752,ok,https://hinyan1016.hatenablog.com/entry/2026/02/24/083752
2026-04-15 05:41:16,17179246901357512729,新規抗うつ薬ザズベイ®（ズラノロン）：GABA作動性という新たなアプローチ,https://hinyan1016.hatenablog.com/entry/2026/02/23/062056,ok,https://hinyan1016.hatenablog.com/entry/2026/02/23/062056
2026-04-15 05:41:19,17179246901357501275,治らない神経疾患の告知戦略：絶望を希望へと昇華させる対話の極意,https://hinyan1016.hatenablog.com/entry/2026/02/23/043315,ok,https://hinyan1016.hatenablog.com/entry/2026/02/23/043315
2026-04-15 05:41:22,17179246901356446612,てんかんに対するVNS・DBS・RNS治療を「機序」と「エビデンス」から解説,https://hinyan1016.hatenablog.com/entry/2026/02/20/060049,ok,https://hinyan1016.hatenablog.com/entry/2026/02/20/060049
2026-04-15 05:41:25,17179246901356436861,てんかんにおける食事療法の実際 ― ケトン食・修正アトキンス食・低GI食の位置づけ ―,https://hinyan1016.hatenablog.com/entry/2026/02/20/041519,ok,https://hinyan1016.hatenablog.com/entry/2026/02/20/041519
2026-04-15 05:41:28,17179246901356340034,🌸 華道入門ガイド ― 歴史・流派・用具・生け方・学び方を初心者向けに,https://hinyan1016.hatenablog.com/entry/2026/02/19/195344,ok,https://hinyan1016.hatenablog.com/entry/2026/02/19/195344
2026-04-15 05:41:31,17179246901356287929,医療安全活動を成功させる方法,https://hinyan1016.hatenablog.com/entry/2026/02/19/164508,ok,https://hinyan1016.hatenablog.com/entry/2026/02/19/164508
2026-04-15 05:41:34,17179246901354967057,成人NF1治療薬の最新動向と展望,https://hinyan1016.hatenablog.com/entry/2026/02/16/015132,ok,https://hinyan1016.hatenablog.com/entry/2026/02/16/015132
2026-04-15 05:41:37,17179246901354966902,パーキンソン病とは？ ― 症状・原因・治療を専門医がやさしく解説 ―,https://hinyan1016.hatenablog.com/entry/2026/02/16/014958,ok,https://hinyan1016.hatenablog.com/entry/2026/02/16/014958
2026-04-15 05:41:40,17179246901354345370,バレンタインデーとは何か？ ― 欧米と日本の違いから見える文化の違い ―,https://hinyan1016.hatenablog.com/entry/2026/02/14/090844,ok,https://hinyan1016.hatenablog.com/entry/2026/02/14/090844
2026-04-15 05:41:43,17179246901353671997,焦点性てんかん重積状態の急性期から亜急性期におけるMRI所見 ― DWIとASLを中心に,https://hinyan1016.hatenablog.com/entry/2026/02/12/102858,ok,https://hinyan1016.hatenablog.com/entry/2026/02/12/102858
2026-04-15 05:41:46,17179246901353584747,アルツハイマー型認知症のバイオマーカー総説 ─ 2024–2025年の診断・治療実装を中心に,https://hinyan1016.hatenablog.com/entry/2026/02/12/010038,ok,https://hinyan1016.hatenablog.com/entry/2026/02/12/010038
2026-04-15 05:41:49,17179246901352864770,認知機能検査で不合格になった高齢運転者に関して：「第1分類」患者への診察と対応ガイド,https://hinyan1016.hatenablog.com/entry/2026/02/09/210130,ok,https://hinyan1016.hatenablog.com/entry/2026/02/09/210130
2026-04-15 05:41:53,17179246901352733780,"一過性全健忘（Transient Global Amnesia, TGA）とは",https://hinyan1016.hatenablog.com/entry/2026/02/09/123357,ok,https://hinyan1016.hatenablog.com/entry/2026/02/09/123357
2026-04-15 05:41:56,17179246901352501896,2026年2月初旬 インフルエンザ流行状況と対策【特にB型の動向】,https://hinyan1016.hatenablog.com/entry/2026/02/08/190841,ok,https://hinyan1016.hatenablog.com/entry/2026/02/08/190841
2026-04-15 05:41:59,17179246901352271304,高齢者の手の震え – 原因の見分け方と対処法を専門医が解説,https://hinyan1016.hatenablog.com/entry/2026/02/08/025521,ok,https://hinyan1016.hatenablog.com/entry/2026/02/08/025521
2026-04-15 05:42:02,17179246901352271019,脳神経内科に行くべき症状とは？〜見逃せないサインと受診のポイント,https://hinyan1016.hatenablog.com/entry/2026/02/08/025151,ok,https://hinyan1016.hatenablog.com/entry/2026/02/08/025151
2026-04-15 05:42:05,17179246901351758543,医師免許の取消・医業停止処分：最新事例と医師が留意すべきポイント,https://hinyan1016.hatenablog.com/entry/2026/02/06/181603,ok,https://hinyan1016.hatenablog.com/entry/2026/02/06/181603
2026-04-15 05:42:09,17179246901351757567,薬を飲んで吐いてしまったとき、追加で薬を飲むべきか？,https://hinyan1016.hatenablog.com/entry/2026/02/06/181222,ok,https://hinyan1016.hatenablog.com/entry/2026/02/06/181222
2026-04-15 05:42:12,17179246901351443759,内科外来で患者から信頼を得る初診・再診対応ガイド,https://hinyan1016.hatenablog.com/entry/2026/02/05/192632,ok,https://hinyan1016.hatenablog.com/entry/2026/02/05/192632
2026-04-15 05:42:15,17179246901351230507,成人薬剤抵抗性てんかんに対するModified Atkins Diet（MAD）の臨床的意義と実装ポイント,https://hinyan1016.hatenablog.com/entry/2026/02/05/021754,ok,https://hinyan1016.hatenablog.com/entry/2026/02/05/021754
2026-04-15 05:42:19,17179246901350949128,視神経炎の評価：非眼科医にもわかる多面的アプローチ,https://hinyan1016.hatenablog.com/entry/2026/02/04/093626,ok,https://hinyan1016.hatenablog.com/entry/2026/02/04/093626
2026-04-15 05:42:22,17179246901350701194,高度認知症・寝たきり患者で「フルコード」を求められたとき――看取りにつながる病状説明の実践ガイド,https://hinyan1016.hatenablog.com/entry/2026/02/03/135153,ok,https://hinyan1016.hatenablog.com/entry/2026/02/03/135153
2026-04-15 05:42:25,17179246901350576746,2026年2月にOTC化された緊急避妊薬「ノルレボ」の専門解説,https://hinyan1016.hatenablog.com/entry/2026/02/03/032408,ok,https://hinyan1016.hatenablog.com/entry/2026/02/03/032408
2026-04-15 05:42:28,17179246901350566427,ベンゾジアゼピン離脱症状とその対策：医療従事者向けガイド,https://hinyan1016.hatenablog.com/entry/2026/02/03/011211,ok,https://hinyan1016.hatenablog.com/entry/2026/02/03/011211
2026-04-15 05:42:31,17179246901350549272,胃全摘術後の栄養不良：栄養素別の病態と対応策,https://hinyan1016.hatenablog.com/entry/2026/02/02/234253,ok,https://hinyan1016.hatenablog.com/entry/2026/02/02/234253
2026-04-15 05:42:34,17179246901350272794,運転免許証の「○トン限定」と運転できるトラックの違い【2026年最新情報】,https://hinyan1016.hatenablog.com/entry/2026/02/02/083248,ok,https://hinyan1016.hatenablog.com/entry/2026/02/02/083248
2026-04-15 05:42:37,17179246901350081715,めまいは脳の病気か耳の病気か？中高年に多いめまいを徹底解説,https://hinyan1016.hatenablog.com/entry/2026/02/01/175844,ok,https://hinyan1016.hatenablog.com/entry/2026/02/01/175844
2026-04-15 05:42:40,17179246901350030110,脳卒中とTIAの基礎知識・症状・受診の目安・緊急対応ポイント,https://hinyan1016.hatenablog.com/entry/2026/02/01/161420,ok,https://hinyan1016.hatenablog.com/entry/2026/02/01/161420
2026-04-15 05:42:43,17179246901349841199,高齢者の物忘れと認知症：違い・初期症状・受診と検査のポイント,https://hinyan1016.hatenablog.com/entry/2026/02/01/041058,ok,https://hinyan1016.hatenablog.com/entry/2026/02/01/041058
2026-04-15 05:42:47,17179246901349123042,てんかん発作との鑑別診断,https://hinyan1016.hatenablog.com/entry/2026/01/30/030419,ok,https://hinyan1016.hatenablog.com/entry/2026/01/30/030419
2026-04-15 05:42:50,17179246901349344320,顔面肩甲上腕型筋ジストロフィー（FSHD）総説,https://hinyan1016.hatenablog.com/entry/2026/01/30/180102,ok,https://hinyan1016.hatenablog.com/entry/2026/01/30/180102
2026-04-15 05:42:53,17179246901349122669,ニパウイルス感染症：医療従事者向け包括的解説,https://hinyan1016.hatenablog.com/entry/2026/01/30/025738,ok,https://hinyan1016.hatenablog.com/entry/2026/01/30/025738
2026-04-15 05:42:57,17179246901348262454,Long COVID（コロナ後遺症）の神経症状：メカニズムから最新治療まで,https://hinyan1016.hatenablog.com/entry/2026/01/27/113243,ok,https://hinyan1016.hatenablog.com/entry/2026/01/27/113243
2026-04-15 05:43:00,17179246901348018287,日本におけるベンゾジアゼピン多用と見直しに関する解説,https://hinyan1016.hatenablog.com/entry/2026/01/26/170935,ok,https://hinyan1016.hatenablog.com/entry/2026/01/26/170935
2026-04-15 05:43:03,17179246901347483059,嗅覚と認知症の関係 — 匂いが語る脳の変化,https://hinyan1016.hatenablog.com/entry/2026/01/25/021001,ok,https://hinyan1016.hatenablog.com/entry/2026/01/25/021001
2026-04-15 05:43:06,17179246901347248619,紙巻きタバコ vs 電子タバコ：健康への影響をエビデンスで読み解く,https://hinyan1016.hatenablog.com/entry/2026/01/24/114059,ok,https://hinyan1016.hatenablog.com/entry/2026/01/24/114059
2026-04-15 05:43:09,17179246901347083356,70代後半・白髪・薄毛なしの男性に、ミノキシジル外用は「意味がある」のか？―患者側の素朴な疑問を、エビデンスと添付文書から整理してみた―,https://hinyan1016.hatenablog.com/entry/2026/01/23/213313,ok,https://hinyan1016.hatenablog.com/entry/2026/01/23/213313
2026-04-15 05:43:12,17179246901347076045,妊娠と片頭痛の治療：急性期治療と予防療法,https://hinyan1016.hatenablog.com/entry/2026/01/23/210520,ok,https://hinyan1016.hatenablog.com/entry/2026/01/23/210520
2026-04-15 05:43:15,17179246901347038830,橈骨神経麻痺（Radial Nerve Palsy）について、生活指導も含めて解説,https://hinyan1016.hatenablog.com/entry/2026/01/23/193813,ok,https://hinyan1016.hatenablog.com/entry/2026/01/23/193813
2026-04-15 05:43:18,17179246901346530301,スマホを使う人は本当にボケにくいのか？医師が認知症予防の観点から解説,https://hinyan1016.hatenablog.com/entry/2026/01/22/115317,ok,https://hinyan1016.hatenablog.com/entry/2026/01/22/115317
2026-04-15 05:43:22,17179246901346062772,2026年1月20日時点 日本全国のインフルエンザ流行状況,https://hinyan1016.hatenablog.com/entry/2026/01/20/194222,ok,https://hinyan1016.hatenablog.com/entry/2026/01/20/194222
2026-04-15 05:43:25,17179246901345707168,後頭神経痛の生活指導：再発を減らすための「姿勢・首肩の負荷・睡眠」マネジメント,https://hinyan1016.hatenablog.com/entry/2026/01/19/200740,ok,https://hinyan1016.hatenablog.com/entry/2026/01/19/200740
2026-04-15 05:43:28,17179246901344279632,科学技術力で中国を侮ることの危険性,https://hinyan1016.hatenablog.com/entry/2026/01/16/000557,ok,https://hinyan1016.hatenablog.com/entry/2026/01/16/000557
2026-04-15 05:43:31,17179246901344226997,てんかんの移行期医療の重要性と現状,https://hinyan1016.hatenablog.com/entry/2026/01/15/150535,ok,https://hinyan1016.hatenablog.com/entry/2026/01/15/150535
2026-04-15 05:43:34,17179246901344144732,ゾシン（ピペラシリン・タゾバクタム）解説,https://hinyan1016.hatenablog.com/entry/2026/01/15/111943,ok,https://hinyan1016.hatenablog.com/entry/2026/01/15/111943
2026-04-15 05:43:37,17179246901344136137,セフォタキシム：基礎から臨床までの総合解説,https://hinyan1016.hatenablog.com/entry/2026/01/15/104221,ok,https://hinyan1016.hatenablog.com/entry/2026/01/15/104221
2026-04-15 05:43:40,17179246901343867124,セフトリアキソン：基礎から実臨床までの詳細ガイド,https://hinyan1016.hatenablog.com/entry/2026/01/14/120808,ok,https://hinyan1016.hatenablog.com/entry/2026/01/14/120808
2026-04-15 05:43:44,17179246901343865131,アンピシリン・スルバクタム（スルバシリン®）総合解説 ～基礎から臨床まで～,https://hinyan1016.hatenablog.com/entry/2026/01/14/234123,ok,https://hinyan1016.hatenablog.com/entry/2026/01/14/234123
2026-04-15 05:43:47,17179246901343667495,後縦靱帯骨化症（OPLL）とは,https://hinyan1016.hatenablog.com/entry/2026/01/13/234604,ok,https://hinyan1016.hatenablog.com/entry/2026/01/13/234604
2026-04-15 05:43:50,17179246901343593695,肺癌化学療法の進歩（2006–2026）：非小細胞肺癌と小細胞肺癌の20年の歩み,https://hinyan1016.hatenablog.com/entry/2026/01/13/174156,ok,https://hinyan1016.hatenablog.com/entry/2026/01/13/174156
2026-04-15 05:43:53,17179246901343507627,HV・EV・PHVの環境性能比較（日本の電力事情を踏まえて10年間使用時）,https://hinyan1016.hatenablog.com/entry/2026/01/13/151818,ok,https://hinyan1016.hatenablog.com/entry/2026/01/13/151818
2026-04-15 05:43:56,17179246901343094112,冬に屋根を開けて走るオープンカーが意外と暖かい理由,https://hinyan1016.hatenablog.com/entry/2026/01/12/040416,ok,https://hinyan1016.hatenablog.com/entry/2026/01/12/040416
2026-04-15 05:43:59,17179246901343085389,地球温暖化の実態：最新の科学と社会動向,https://hinyan1016.hatenablog.com/entry/2026/01/12/022008,ok,https://hinyan1016.hatenablog.com/entry/2026/01/12/022008
2026-04-15 05:44:02,17179246901342961526,電気自動車は本当に環境に良い選択か？総合的な考察,https://hinyan1016.hatenablog.com/entry/2026/01/11/190850,ok,https://hinyan1016.hatenablog.com/entry/2026/01/11/190850
2026-04-15 05:44:05,17179246901342149412,トランプ大統領が66の国際機関から米国脱退を指示 – 何が起きたのか？,https://hinyan1016.hatenablog.com/entry/2026/01/10/025002,ok,https://hinyan1016.hatenablog.com/entry/2026/01/10/025002
2026-04-15 05:44:08,17179246901342210426,高脂血症治療の最新知見 ～LDLとTG、それぞれへのアプローチ～,https://hinyan1016.hatenablog.com/entry/2026/01/10/024125,ok,https://hinyan1016.hatenablog.com/entry/2026/01/10/024125
2026-04-15 05:44:11,17179246901341866949,2026年最新・てんかん診療アップデート ～非専門医が知っておくべきポイント～,https://hinyan1016.hatenablog.com/entry/2026/01/08/181551,ok,https://hinyan1016.hatenablog.com/entry/2026/01/08/181551
2026-04-15 05:44:14,17179246901341707297,医療従事者が知っているべき「高血圧」解説（日本の疫学＋JSH2025の考え方）,https://hinyan1016.hatenablog.com/entry/2026/01/08/132500,ok,https://hinyan1016.hatenablog.com/entry/2026/01/08/132500
2026-04-15 05:44:17,17179246901341781580,高齢者のインフルエンザで言動がおかしいのは、脳症ではなく「せん妄」であることが多い,https://hinyan1016.hatenablog.com/entry/2026/01/08/112543,ok,https://hinyan1016.hatenablog.com/entry/2026/01/08/112543
2026-04-15 05:44:20,17179246901341100178,周術期抗血栓薬管理と脳梗塞予防：外科からの相談に答える実践ガイド,https://hinyan1016.hatenablog.com/entry/2026/01/06/132508,ok,https://hinyan1016.hatenablog.com/entry/2026/01/06/132508
2026-04-15 05:44:23,17179246901340992606,腓骨神経麻痺と日常生活：転倒予防と生活の工夫,https://hinyan1016.hatenablog.com/entry/2026/01/06/023400,ok,https://hinyan1016.hatenablog.com/entry/2026/01/06/023400
2026-04-15 05:44:26,17179246901340991340,高尿酸血症と薬物治療,https://hinyan1016.hatenablog.com/entry/2026/01/06/021814,ok,https://hinyan1016.hatenablog.com/entry/2026/01/06/021814
2026-04-15 05:44:29,17179246901340907742,MRI検査と閉所恐怖症への対応・鎮静管理 総説,https://hinyan1016.hatenablog.com/entry/2026/01/05/204955,ok,https://hinyan1016.hatenablog.com/entry/2026/01/05/204955
2026-04-15 05:44:32,17179246901340211688,レアアース供給を巡る中国の存在感：,https://hinyan1016.hatenablog.com/entry/2026/01/03/224648,ok,https://hinyan1016.hatenablog.com/entry/2026/01/03/224648
2026-04-15 05:44:35,17179246901339599588,救急搬送後24時間以内の死亡＝必ず警察？｜異状死届出の考え方（医師向け）,https://hinyan1016.hatenablog.com/entry/2026/01/02/182831,ok,https://hinyan1016.hatenablog.com/entry/2026/01/02/182831
2026-04-15 05:44:38,17179246901339594096,外見自己評価（ボディイメージ）とメンタルヘルスの関係,https://hinyan1016.hatenablog.com/entry/2026/01/02/180628,ok,https://hinyan1016.hatenablog.com/entry/2026/01/02/180628
2026-04-15 05:44:42,17179246901337954405,生成AIの規制・著作権・責任問題をめぐる論点整理,https://hinyan1016.hatenablog.com/entry/2025/12/29/171922,ok,https://hinyan1016.hatenablog.com/entry/2025/12/29/171922
2026-04-15 05:44:45,17179246901337698996,防衛費増額と財源：抑止力強化 vs 財政負担,https://hinyan1016.hatenablog.com/entry/2025/12/28/212135,ok,https://hinyan1016.hatenablog.com/entry/2025/12/28/212135
2026-04-15 05:44:48,17179246901337688185,移民・外国人労働者受け入れの前提知識を学ぶ,https://hinyan1016.hatenablog.com/entry/2025/12/28/204520,ok,https://hinyan1016.hatenablog.com/entry/2025/12/28/204520
2026-04-15 05:44:51,17179246901336609318,神経梅毒（Neurosyphilis）：疫学から治療・フォローアップまで,https://hinyan1016.hatenablog.com/entry/2025/12/25/190036,ok,https://hinyan1016.hatenablog.com/entry/2025/12/25/190036
2026-04-15 05:44:54,17179246901336153748,出血性脳梗塞を伴う心原性脳塞栓症：抗凝固療法開始の考え方,https://hinyan1016.hatenablog.com/entry/2025/12/24/141131,ok,https://hinyan1016.hatenablog.com/entry/2025/12/24/141131
2026-04-15 05:44:57,17179246901335708194,日本の世代別解説：団塊世代からZ世代・α世代まで,https://hinyan1016.hatenablog.com/entry/2025/12/23/070547,ok,https://hinyan1016.hatenablog.com/entry/2025/12/23/070547
2026-04-15 05:45:00,17179246901335470335,「割のいいギャンブル」は存在するのか？還元率から見る各ギャンブルの真実,https://hinyan1016.hatenablog.com/entry/2025/12/22/142408,ok,https://hinyan1016.hatenablog.com/entry/2025/12/22/142408
2026-04-15 05:45:03,17179246901333268906,人生は何で決まる？遺伝・環境・努力の真実を科学する,https://hinyan1016.hatenablog.com/entry/2025/12/16/123701,ok,https://hinyan1016.hatenablog.com/entry/2025/12/16/123701
