timestamp,entry_id,title,video_ids,status,detail
2026-04-14 20:17:05,17179246901376311807,お風呂で決まって意識を失う — 入浴てんかんの正体と安全対策を脳神経内科医が解説,GL9Tfw8wOpQ,ok,https://hinyan1016.hatenablog.com/entry/2026/04/14/063202
2026-04-14 20:17:07,17179246901372000521,この頭痛、病院に行くべき？ ― 危険な頭痛の見分け方,f6hSRaATvtw,ok,https://hinyan1016.hatenablog.com/entry/2026/04/13/182624
2026-04-14 20:17:09,17179246901372000485,"お酒を飲むと記憶がなくなる理由 ― ""ブラックアウト""のメカニズムを脳神経内科医が解説",_3DoC4cE7AM,ok,https://hinyan1016.hatenablog.com/entry/2026/04/12/200741
2026-04-14 20:19:26,17179246901372000480,利き手はなぜ決まるのか？ ― 脳の左右非対称と遺伝のしくみ,sSF6r7Eu_hU,ok,https://hinyan1016.hatenablog.com/entry/2026/04/11/083220
2026-04-14 20:19:28,17179246901374656842,OCEANIC-STROKE試験の衝撃 ― XIa因子阻害薬asundexianが脳梗塞二次予防を変える,MJ2fsIxgcEg,ok,https://hinyan1016.hatenablog.com/entry/2026/04/10/163620
2026-04-14 20:19:30,17179246901372000475,脳は「痛い」と感じない？ ― 脳神経内科医が解説する痛みの仕組みと頭痛の正体,XNBX-zDf3g0,ok,https://hinyan1016.hatenablog.com/entry/2026/04/10/162330
2026-04-14 20:19:31,17179246901374895629,令和8年度診療報酬改定の全体像 ― +3.09%改定の内訳と医科の主要変更点を徹底解説,__Xp5QYmZpw,ok,https://hinyan1016.hatenablog.com/entry/2026/04/10/141419
2026-04-14 20:19:34,17179246901374671149,【2026年4月】YouTube動画まとめ｜からだの不思議・鑑別診断・脳神経内科 - Hisajiチャンネル,wfR2MhY9LqY|9EWIjJPg2jk|n0zvSugkKoA|gE0R2TesRdY|VAMOoKOANdo|k6DCQupLKW8|H51WbhyPImo|Z7ZzKnY7GyM|2AA4OcsC9TE|YkHg5qWnFcI|YdI3hDxdAe4|9ITt6p-J7Ik|jCXl4mTGS7Y|kq9QrtequiQ|-o2FXNaLI1I|svMXL9SmQqw|zIKob1frTcE|TNuexPK3Dxo|ij9sWSqjQlU|UJrNkbENiVw|uOD9jNa9qdU|KFtDUWJnbro|g2VKLcFbZ6s|GcoF5vY4X60|lGSGQp2lJio|IVsX8g3CqLU|JNaIRbHVz4s|01W8TXISTek|4pSuR70isx8|Yl28Tu1NU_c|dVni98076r4|WKo1LRYDuC4|5fNtu6sy5Fo|9Np7S0n6dAk|4LNjRLeXXmE|z1wBhh0Jbg8|j2vInLvqpoc|r8d_r_CBIGA|yaKPEFWdQDA|zLy-Py9O0Ok|1_Squ8Y2R5g|MwC0lGcOpuo|TGsGHdFKODw,ok,https://hinyan1016.hatenablog.com/entry/2026/04/09/174119
2026-04-14 20:19:36,17179246901374646749,低活動性せん妄 ― 「静かなせん妄」を見逃さないための実践ガイド,QBXYL4RO5Po,ok,https://hinyan1016.hatenablog.com/entry/2026/04/09/161517
2026-04-14 20:19:38,17179246901372000468,"デジャヴの正体を神経科学で解説 ― ""既視感""はなぜ起きるのか",dVni98076r4,ok,https://hinyan1016.hatenablog.com/entry/2026/04/09/135347
2026-04-14 20:19:41,17179246901372000461,目がピクピクする ― 放置していいのか？ まぶたの痙攣を脳神経内科医が解説,9EWIjJPg2jk,ok,https://hinyan1016.hatenablog.com/entry/2026/04/07/104819
2026-04-14 20:19:43,17179246901374206438,プライベートクレジット問題とは？ 3兆ドル市場の構造リスクと今後のシナリオをわかりやすく解説,GcoF5vY4X60,ok,https://hinyan1016.hatenablog.com/entry/2026/04/08/093518
2026-04-14 20:19:45,17179246901373914109,レベチラセタムの易刺激性・精神症状にビタミンB6は有効か？ エビデンス、使い方、ブリバラセタムとの選び分け,4pSuR70isx8,ok,https://hinyan1016.hatenablog.com/entry/2026/04/07/153858
2026-04-14 20:19:47,17179246901372000415,寝てる時にビクッとなるのはなぜ？ ― 「入眠時ミオクローヌス」の正体,9ITt6p-J7Ik,ok,https://hinyan1016.hatenablog.com/entry/2026/04/07/052718
2026-04-14 20:19:49,17179246901372000400,なぜあくびはうつるのか？ ― ミラーニューロンと共感の脳科学,TNuexPK3Dxo,ok,https://hinyan1016.hatenablog.com/entry/2026/04/06/071409
2026-04-14 20:19:51,17179246901373115344,片側性舞踏病（hemichorea）の鑑別・画像所見・治療を整理する,oiFM4dz1QkY,ok,https://hinyan1016.hatenablog.com/entry/2026/04/05/131547
2026-04-14 20:19:53,17179246901371583942,めまいの種類を脳神経内科医が解説 ― 回転性・浮動性・立ちくらみの見分け方,Z7ZzKnY7GyM,ok,https://hinyan1016.hatenablog.com/entry/2026/04/05/045104
2026-04-14 20:19:56,17179246901372662349,パーキンソン病患者のビタミンB6管理｜レボドパ/カルビドパ時代に「避ける」ではなく「評価して補う」,npIa19G8fDg,ok,https://hinyan1016.hatenablog.com/entry/2026/04/04/082109
2026-04-14 20:19:58,17179246901371583924,「手がしびれて目が覚めた」の正体 ― 朝のしびれの原因と受診のタイミング,WKo1LRYDuC4,ok,https://hinyan1016.hatenablog.com/entry/2026/04/03/214301
2026-04-14 20:20:00,17179246901371583907,片頭痛持ちが知っておくべき5つのこと ― 「我慢しない」ための知識,UJrNkbENiVw,ok,https://hinyan1016.hatenablog.com/entry/2026/04/02/192008
2026-04-14 20:20:02,17179246901371246445,小脳梗塞後のリハビリテーション：エビデンスに基づく回復戦略と最新治療【KOSCO・NIBS・DBS・VR】,GaPTiPGIeqg,ok,https://hinyan1016.hatenablog.com/entry/2026/03/31/171828
2026-04-14 20:20:04,17179246901371022240,Tolosa-Hunt症候群（有痛性眼筋麻痺）：診断基準・鑑別診断・治療を徹底解説,6xmtSFIe7WY,ok,https://hinyan1016.hatenablog.com/entry/2026/03/31/001731
2026-04-14 20:20:06,17179246901370833624,若年ミオクロニーてんかん（JME）― 見逃されやすい思春期てんかんの診断と最新治療戦略,Hz3OFN1JtTU,ok,https://hinyan1016.hatenablog.com/entry/2026/03/30/185614
2026-04-14 20:20:08,17179246901370893311,三叉神経痛 ― 神経内科医視点の鑑別診断と治療戦略,JehIClZ2RuU,ok,https://hinyan1016.hatenablog.com/entry/2026/03/30/185536
2026-04-14 20:20:10,17179246901370572474,日本人はどこから来たのか？ — 最新ゲノム解析が明かす三重構造モデルと私たちのDNA,Tz8k8F8MIyE,ok,https://hinyan1016.hatenablog.com/entry/2026/03/29/192023
2026-04-14 20:20:12,17179246901370554438,【2025-2026年】感染症の最新動向まとめ｜医療従事者が押さえるべき8つのトピック,OqBmcmXxnc4,ok,https://hinyan1016.hatenablog.com/entry/2026/03/29/184944
2026-04-14 20:20:14,17179246901369996860,【完全版】細胞外液補充液の使い分け｜生食・リンゲル液を徹底比較,8YX6YaV0uD8,ok,https://hinyan1016.hatenablog.com/entry/2026/03/29/063210
2026-04-14 20:20:17,17179246901369793776,ビタミンB12欠乏症の診断と治療【医療従事者向け総説】原因・症状・MMA/ホモシステイン・補充法を最新エビデンスで解説,xrlUfuWteVM|4kKyChvnhzU,ok,https://hinyan1016.hatenablog.com/entry/2026/03/27/201504
2026-04-14 20:20:19,17179246901369554537,【全10回まとめ】外来で使える食事指導シリーズ｜疾患別の優先順位を整理,z1wBhh0Jbg8,ok,https://hinyan1016.hatenablog.com/entry/2026/03/27/075518
2026-04-14 20:20:20,17179246901369331318,低栄養・フレイル・複数疾患の食事指導｜制限しすぎないための優先順位,n0zvSugkKoA,ok,https://hinyan1016.hatenablog.com/entry/2026/03/26/155954
2026-04-14 20:20:22,17179246901369346953,消化管手術後の食事指導｜少量頻回と症状別対応の考え方,zLy-Py9O0Ok,ok,https://hinyan1016.hatenablog.com/entry/2026/03/27/051317
2026-04-14 20:20:24,17179246901369331339,嚥下障害の食事指導｜やわらかい食事が安全とは限らない,KFtDUWJnbro,ok,https://hinyan1016.hatenablog.com/entry/2026/03/27/043730
2026-04-14 20:20:26,17179246901369331334,肝臓病の食事指導｜脂肪肝と肝硬変を同じに扱わない,r8d_r_CBIGA,ok,https://hinyan1016.hatenablog.com/entry/2026/03/27/042401
2026-04-14 20:20:28,17179246901369331329,腎臓病の食事指導｜塩分・たんぱく質・カリウムをどう考えるか,g2VKLcFbZ6s,ok,https://hinyan1016.hatenablog.com/entry/2026/03/26/192856
2026-04-14 20:20:30,17179246901369354617,肥満の食事指導｜我慢よりも崩れにくい食べ方を作る,wfR2MhY9LqY,ok,https://hinyan1016.hatenablog.com/entry/2026/03/26/161600
2026-04-14 20:20:32,17179246901369331312,糖尿病の食事指導｜甘いものをやめるだけでは改善しない,YkHg5qWnFcI,ok,https://hinyan1016.hatenablog.com/entry/2026/03/26/155039
2026-04-14 20:20:34,17179246901369330996,脂質異常症（高脂血症）の食事指導｜油を減らすだけでは不十分,j2vInLvqpoc,ok,https://hinyan1016.hatenablog.com/entry/2026/03/26/150523
2026-04-14 20:20:35,17179246901369327011,高血圧の食事指導｜減塩だけでは終わらない外来の基本,5fNtu6sy5Fo,ok,https://hinyan1016.hatenablog.com/entry/2026/03/26/143053
2026-04-14 20:20:37,17179246901369321894,食事指導は「何を禁止するか」ではなく「何を守るか」から始める,z1wBhh0Jbg8,ok,https://hinyan1016.hatenablog.com/entry/2026/03/26/140918
2026-04-14 20:20:39,17179246901369006509,甲状腺機能異常の鑑別診断 ─ TSH×FT4パターン分類と系統的アプローチ,4285LNgMKZk,ok,https://hinyan1016.hatenablog.com/entry/2026/03/25/162707
2026-04-14 20:20:41,17179246901327094310,二日酔い対策ガイド：メカニズムから予防・対処法まで,3iBAAaQZ_M8,ok,https://hinyan1016.hatenablog.com/entry/2025/11/30/164447
2026-04-14 20:20:43,17179246901368742238,低栄養患者に「どんどん栄養を入れる」のは正しいか ― 再栄養症候群と急性期栄養管理の考え方,gF850PO5oag,ok,https://hinyan1016.hatenablog.com/entry/2026/03/24/205734
2026-04-14 20:20:45,17179246901368702300,前庭神経炎 ― 脳卒中を除外しながら考える急性めまいの臨床診断,Mnbr7FJ8KsQ,ok,https://hinyan1016.hatenablog.com/entry/2026/03/24/184115
2026-04-14 20:20:47,17179246901368126684,YouTube動画 特集 ─ 鑑別診断シリーズ & 医学教育コンテンツ,gE0R2TesRdY|VAMOoKOANdo|k6DCQupLKW8|H51WbhyPImo|2AA4OcsC9TE|YdI3hDxdAe4|jCXl4mTGS7Y|kq9QrtequiQ|-o2FXNaLI1I|svMXL9SmQqw|zIKob1frTcE|ij9sWSqjQlU|uOD9jNa9qdU|lGSGQp2lJio|IVsX8g3CqLU|01W8TXISTek|4LNjRLeXXmE|9Np7S0n6dAk|yaKPEFWdQDA|1_Squ8Y2R5g|MwC0lGcOpuo|TGsGHdFKODw,ok,https://hinyan1016.hatenablog.com/entry/2026/03/23/051617
2026-04-14 20:20:49,17179246901368051004,意識消失発作（TLOC）の鑑別診断 — 失神・てんかん・PNESを見極める系統的アプローチ,9Np7S0n6dAk,ok,https://hinyan1016.hatenablog.com/entry/2026/03/22/220206
2026-04-14 20:20:51,17179246901367959744,貧血の鑑別診断 ─ MCV分類と8ステップで系統的に迫る,MwC0lGcOpuo,ok,https://hinyan1016.hatenablog.com/entry/2026/03/22/171026
2026-04-14 20:20:53,17179246901367798523,肝機能障害（トランスアミナーゼ上昇）の鑑別診断 ─ 7ステップで系統的に迫る,TGsGHdFKODw,ok,https://hinyan1016.hatenablog.com/entry/2026/03/22/074748
2026-04-14 20:20:55,17179246901367138398,高カルシウム血症の鑑別診断：PTHを軸にした実践的アプローチ,svMXL9SmQqw,ok,https://hinyan1016.hatenablog.com/entry/2026/03/20/125143
2026-04-14 20:20:57,17179246901367041186,不明熱（FUO）の鑑別：病型・病因群・PDCで進める実践的アプローチ,1_Squ8Y2R5g,ok,https://hinyan1016.hatenablog.com/entry/2026/03/20/082431
2026-04-14 20:20:59,17179246901366732794,パーキンソン病における誤嚥性肺炎：早期から予測し、予防する合併症,H51WbhyPImo,ok,https://hinyan1016.hatenablog.com/entry/2026/03/19/113452
2026-04-14 20:21:01,17179246901366726390,歩行障害・協調運動障害の鑑別診断｜神経診察で局在を絞る実践的アプローチ,YdI3hDxdAe4,ok,https://hinyan1016.hatenablog.com/entry/2026/03/19/110951
2026-04-14 20:21:04,17179246901366027709,急性胸痛の鑑別診断：まず危険なものから外す実践的アプローチ,zIKob1frTcE,ok,https://hinyan1016.hatenablog.com/entry/2026/03/18/001634
2026-04-14 20:21:06,17179246901365687036,正座から立ち上がると、なぜクラッとするのか ― 立ちくらみが起こる理由と、気をつけたいサイン,k6DCQupLKW8,ok,https://hinyan1016.hatenablog.com/entry/2026/03/17/060041
2026-04-14 20:21:08,17179246901365568074,呼吸困難（息切れ）の鑑別診断：重症度・時間経過・病態群で組み立てる実践的アプローチ,gE0R2TesRdY,ok,https://hinyan1016.hatenablog.com/entry/2026/03/16/194738
2026-04-14 20:21:10,17179246901365092569,意識障害の鑑別：局在・病態・時間軸で整理する実践的アプローチ,ij9sWSqjQlU,ok,https://hinyan1016.hatenablog.com/entry/2026/03/15/125012
2026-04-14 20:21:12,17179246901365023443,めまいの鑑別：時間経過・誘因・眼球運動から組み立てる実践的アプローチ,VAMOoKOANdo,ok,https://hinyan1016.hatenablog.com/entry/2026/03/15/090118
2026-04-14 20:21:14,17179246901365016347,頭痛の鑑別 ── 二次性頭痛を先に拾い、一次性頭痛を積極的に診断する,IVsX8g3CqLU,ok,https://hinyan1016.hatenablog.com/entry/2026/03/15/083259
2026-04-14 20:21:17,17179246901364310352,動物園のゾウはどうやって運ぶのか！？,4LNjRLeXXmE,ok,https://hinyan1016.hatenablog.com/entry/2026/03/13/184534
2026-04-14 20:21:19,17179246901363991053,自己免疫疾患CAR-Tの全体像  ：神経内科医のための整理,01W8TXISTek,ok,https://hinyan1016.hatenablog.com/entry/2026/03/12/103828
2026-04-14 20:21:21,17179246901363689098,全身浮腫の鑑別診断 — 系統的アプローチ,kq9QrtequiQ,ok,https://hinyan1016.hatenablog.com/entry/2026/03/11/143022
2026-04-14 20:21:23,17179246901363557917,EAN 2024ガイドライン（発表は2026年）：無症候性・乏症候性高CK血症の診断アプローチ,lGSGQp2lJio,ok,https://hinyan1016.hatenablog.com/entry/2026/03/11/060732
2026-04-14 20:21:25,17179246901363135229,レカネマブ投与を検討していた高齢者で心房細動（Af）が見つかったらどうするか,jCXl4mTGS7Y,ok,https://hinyan1016.hatenablog.com/entry/2026/03/10/122240
2026-04-14 20:21:27,17179246901362915025,帯状疱疹は「皮膚の病気」ではない ― 神経障害の全体像を理解する,uOD9jNa9qdU,ok,https://hinyan1016.hatenablog.com/entry/2026/03/10/063521
2026-04-14 20:21:29,17179246901362344716,エーリッヒ・フロム『愛するということ』をわかりやすく読む — 愛は「気持ち」ではなく「育てる力」である,yaKPEFWdQDA,ok,https://hinyan1016.hatenablog.com/entry/2026/03/09/033450
2026-04-14 20:21:31,17179246901362390549,五十肩の非薬物療法 ― 外来で使える実践ガイド,2AA4OcsC9TE,ok,https://hinyan1016.hatenablog.com/entry/2026/03/08/203506
2026-04-14 20:21:33,17179246901361733683,Claude4.6opus(claude code)にきいてみた【幸福とは何か──「いい人生」を自分の言葉で語るために】,zzCrc2S8GC0,ok,https://hinyan1016.hatenablog.com/entry/2026/03/07/044726
2026-04-14 20:21:36,17179246901361217842,外傷・術後の抗てんかん薬：いつ始めて、いつ止めるか,JTDxrR4iXkQ,ok,https://hinyan1016.hatenablog.com/entry/2026/03/05/185910
2026-04-14 20:21:38,17179246901361211386,くも膜嚢胞（Arachnoid Cyst）の臨床総説 — 定義・疫学・病態生理・治療・再発,BHfLP1Nx5T4,ok,https://hinyan1016.hatenablog.com/entry/2026/03/05/183646
2026-04-14 20:21:40,17179246901361012443,めまいに有効な「前庭リハビリ」とは何か ― 脳神経内科医が知っておくべき基本と実践 ―,HF2RVg6QUyg,ok,https://hinyan1016.hatenablog.com/entry/2026/03/05/065757
2026-04-14 20:21:42,17179246901360758546,脳神経内科医がよく遭遇する「誤解」10選 — 外来で何度も説明すること,2xJttKmi9rk,ok,https://hinyan1016.hatenablog.com/entry/2026/03/04/103556
2026-04-14 20:21:44,17179246901360752701,脳神経内科医がよく遭遇する「漫然検査」10選 — その検査、本当に必要ですか？,fA09g864pcI,ok,https://hinyan1016.hatenablog.com/entry/2026/03/04/101113
2026-04-14 20:21:46,17179246901360743608,脳神経内科医がよく遭遇する「漫然処方薬」10選 — その薬、本当に必要ですか？,kCzQLaW01oU,ok,https://hinyan1016.hatenablog.com/entry/2026/03/04/093107
2026-04-14 20:21:48,17179246901360741954,脳循環代謝改善薬は本当に必要か？ ― 脳梗塞慢性期で「漫然投与」を見直すための実践ガイド,FEnTd0u3lrk,ok,https://hinyan1016.hatenablog.com/entry/2026/03/04/092253
2026-04-14 20:21:50,17179246901360681993,日本で使える花粉症の抗アレルギー薬ガイド（2026年3月時点）,8R3xjAs8owQ,ok,https://hinyan1016.hatenablog.com/entry/2026/03/04/031647
2026-04-14 20:21:52,17179246901360547433,花粉症なのに果物で口がかゆい？ ― 花粉食物アレルギー症候群（PFAS）をわかりやすく解説 ―,PVZ9uOA4BOA,ok,https://hinyan1016.hatenablog.com/entry/2026/03/03/182951
2026-04-14 20:21:54,17179246901360420481,【やさしく解説】個人情報保護法の「3年ごと見直し」で何が変わる？ ― 2026年1月の制度改正方針を徹底解説,2aD_p4WUy8k,ok,https://hinyan1016.hatenablog.com/entry/2026/03/03/114423
2026-04-14 20:21:56,17179246901360322442,眼瞼けいれん（ブレファロスパズム）の実践的総説,_JLB9LfaFHE,ok,https://hinyan1016.hatenablog.com/entry/2026/03/03/051916
2026-04-14 20:21:58,17179246901360317705,急性期病院から回復期リハビリ・療養型病院への転院時における抗てんかん薬切替の総合分析,F4sVl-WiEtg,ok,https://hinyan1016.hatenablog.com/entry/2026/03/03/043040
2026-04-14 20:22:01,17179246901359990374,受精卵への遺伝子編集――医療の福音か、人類への問いかけか,0tCtR_jO0aA,ok,https://hinyan1016.hatenablog.com/entry/2026/03/02/055927
2026-04-14 20:22:02,17179246901359809975,「誰を助けるか」を問い直す ― 医療費48兆円時代の資源配分論,KSZedkR252E,ok,https://hinyan1016.hatenablog.com/entry/2026/03/01/164259
2026-04-14 20:22:05,17179246901359623374,【徹底解説】救急・集中治療における生命維持治療の終了／差し控えに関する4学会合同ガイドライン（パブリックコメント版）,NJ3swEu5TQo,ok,https://hinyan1016.hatenablog.com/entry/2026/03/01/051721
2026-04-14 20:22:06,17179246901359269935,金縛り（睡眠麻痺）を脳神経内科医が医学的に解説：怖いけれど、多くは「病気ではない」現象です,qc1SQvFBtNk,ok,https://hinyan1016.hatenablog.com/entry/2026/02/28/062454
2026-04-14 20:22:09,17179246901359257390,ブリーバラセタム静注製剤（ブリィビアクト静注25mg）徹底解説 ── 臨床・薬学的視点から,iGbmDO5oeCY,ok,https://hinyan1016.hatenablog.com/entry/2026/02/28/033415
2026-04-14 20:22:11,17179246901358893752,脳神経領域の線維芽細胞と線維性瘢痕が面白い理由と再生医療への応用,dPtcEvfAPHk,ok,https://hinyan1016.hatenablog.com/entry/2026/02/27/021111
2026-04-14 20:22:13,17179246901358722615,脳のミクログリアって何？ ─ 少し深掘り,KMDTub-sXz8,ok,https://hinyan1016.hatenablog.com/entry/2026/02/26/151006
2026-04-14 20:22:14,17179246901358720741,アドレノメデュリン（AM）と脳神経領域への応用 ― 血管を守るペプチドの可能性,SeW8VCkAXR8,ok,https://hinyan1016.hatenablog.com/entry/2026/02/26/150249
2026-04-14 20:22:16,17179246901358672989,仕事の疲れをとる「エビデンスのある方法」 ― 忙しい医療者にも実践可能な、科学的に支持された回復戦略 ―,RIEN4QKMV8s,ok,https://hinyan1016.hatenablog.com/entry/2026/02/26/115020
2026-04-14 20:22:19,17179246901358597003,メトホルミンの糖尿病治療以外の用途に関する最新エビデンスと臨床応用可能性（2026年2月時点）,t12-hOxnGUs,ok,https://hinyan1016.hatenablog.com/entry/2026/02/26/052406
2026-04-14 20:22:21,17179246901358281594,宇宙医学の最前線,5dfU574yPJs,ok,https://hinyan1016.hatenablog.com/entry/2026/02/25/121915
2026-04-14 20:22:23,17179246901358095947,寝違え（急性頸部痛・寝違え症候群）の医学的解説と安全な対処法,6i5Dm1nIrTQ,ok,https://hinyan1016.hatenablog.com/entry/2026/02/24/185136
2026-04-14 20:22:25,17179246901357937383,人間ドックの検査項目：費用対効果が高い検査の見極めと、これから注目される技術,4z59o-T6v00,ok,https://hinyan1016.hatenablog.com/entry/2026/02/24/085849
2026-04-14 20:22:27,17179246901357932477,受験本番直前にできること：前日・当日の実務チェックガイド,D5RR0ukd584,ok,https://hinyan1016.hatenablog.com/entry/2026/02/24/083752
2026-04-14 20:22:29,17179246901357886856,頭痛の非薬物療法：生活習慣の改善で頭痛をコントロールする,pp6V9j4BmLI,ok,https://hinyan1016.hatenablog.com/entry/2026/02/24/030954
2026-04-14 20:22:31,17179246901357662017,花粉症治療の最新動向【統合版】,ZxxWaWQrmbo,ok,https://hinyan1016.hatenablog.com/entry/2026/02/23/152401
2026-04-14 20:22:33,17179246901357512729,新規抗うつ薬ザズベイ®（ズラノロン）：GABA作動性という新たなアプローチ,TnNvvpGKwIU,ok,https://hinyan1016.hatenablog.com/entry/2026/02/23/062056
2026-04-14 20:22:35,17179246901357501275,治らない神経疾患の告知戦略：絶望を希望へと昇華させる対話の極意,aAGnrvlsRIc,ok,https://hinyan1016.hatenablog.com/entry/2026/02/23/043315
2026-04-14 20:22:37,17179246901356446612,てんかんに対するVNS・DBS・RNS治療を「機序」と「エビデンス」から解説,RIjiIbEOA_E,ok,https://hinyan1016.hatenablog.com/entry/2026/02/20/060049
2026-04-14 20:22:39,17179246901356436861,てんかんにおける食事療法の実際 ― ケトン食・修正アトキンス食・低GI食の位置づけ ―,m8iOgS6P1Yw,ok,https://hinyan1016.hatenablog.com/entry/2026/02/20/041519
2026-04-14 20:22:41,17179246901356340034,🌸 華道入門ガイド ― 歴史・流派・用具・生け方・学び方を初心者向けに,AfftusiJfto,ok,https://hinyan1016.hatenablog.com/entry/2026/02/19/195344
2026-04-14 20:22:43,17179246901356287929,医療安全活動を成功させる方法,UqyZZx8IGpI,ok,https://hinyan1016.hatenablog.com/entry/2026/02/19/164508
2026-04-14 20:22:45,17179246901356113581,"「日本の金を売れば財政が良くなる？」──国家の""最後の保険""としての金準備を考える",uCWMzOZxmFE,ok,https://hinyan1016.hatenablog.com/entry/2026/02/19/045614
2026-04-14 20:22:47,17179246901355301082,    ドラマのような記憶喪失は本当にあるのか？ ― 脳神経内科医が臨床経験から考える ― ,7tD0Yfx15qs,ok,https://hinyan1016.hatenablog.com/entry/2026/02/17/013750
2026-04-14 20:22:49,17179246901354967057,成人NF1治療薬の最新動向と展望,ZerptVoSk-c,ok,https://hinyan1016.hatenablog.com/entry/2026/02/16/015132
2026-04-14 20:22:51,17179246901354966902,パーキンソン病とは？ ― 症状・原因・治療を専門医がやさしく解説 ―,2vub3DSEjVc,ok,https://hinyan1016.hatenablog.com/entry/2026/02/16/014958
2026-04-14 20:22:53,17179246901354626499,「3億円の薬」は本当に効くのか？― DMD遺伝子治療エレビジスのエビデンスを読み解く,25QqktS4bR4,ok,https://hinyan1016.hatenablog.com/entry/2026/02/15/033326
2026-04-14 20:22:56,17179246901354345370,バレンタインデーとは何か？ ― 欧米と日本の違いから見える文化の違い ―,0TEyoZItPtM,ok,https://hinyan1016.hatenablog.com/entry/2026/02/14/090844
2026-04-14 20:22:58,17179246901353786097,てんかん発作を見たらどうする？ ― 専門医が教える「正しい対応」と「やってはいけないこと」 ―,Vim4LEb4l4k,ok,https://hinyan1016.hatenablog.com/entry/2026/02/13/024135
2026-04-14 20:23:00,17179246901353799055,認知症とは？ ― 症状・原因・受診の目安、そして最新治療まで専門医がやさしく解説,cm9vm-5flXI,ok,https://hinyan1016.hatenablog.com/entry/2026/02/13/023949
2026-04-14 20:23:02,17179246901353671997,焦点性てんかん重積状態の急性期から亜急性期におけるMRI所見 ― DWIとASLを中心に,BCoZHq3Nzi8,ok,https://hinyan1016.hatenablog.com/entry/2026/02/12/102858
2026-04-14 20:23:05,17179246901353584747,アルツハイマー型認知症のバイオマーカー総説 ─ 2024–2025年の診断・治療実装を中心に,f1eJWY-T_MI,ok,https://hinyan1016.hatenablog.com/entry/2026/02/12/010038
2026-04-14 20:23:07,17179246901353299724,放射性ヨウ素SPECT検査における甲状腺ブロックまとめ,YuFgYTyS8zY,ok,https://hinyan1016.hatenablog.com/entry/2026/02/11/092458
2026-04-14 20:23:10,17179246901352983939,低体温症総説 ― 原因・重症度分類・意識障害・予防・治療,wt1wUtL81sg,ok,https://hinyan1016.hatenablog.com/entry/2026/02/10/091635
2026-04-14 20:23:12,17179246901352864770,認知機能検査で不合格になった高齢運転者に関して：「第1分類」患者への診察と対応ガイド,VsnDLcO5v7M,ok,https://hinyan1016.hatenablog.com/entry/2026/02/09/210130
2026-04-14 20:23:14,17179246901352855455,高齢者の難聴には補聴器を – 生活の質と認知機能を守るために,-6xBOF2tTOg,ok,https://hinyan1016.hatenablog.com/entry/2026/02/09/203327
2026-04-14 20:23:16,17179246901352733780,"一過性全健忘（Transient Global Amnesia, TGA）とは",4pa1mtchGIg,ok,https://hinyan1016.hatenablog.com/entry/2026/02/09/123357
2026-04-14 20:23:19,17179246901352501896,2026年2月初旬 インフルエンザ流行状況と対策【特にB型の動向】,5Z9LzaIteZk,ok,https://hinyan1016.hatenablog.com/entry/2026/02/08/190841
2026-04-14 20:23:21,17179246901352271304,高齢者の手の震え – 原因の見分け方と対処法を専門医が解説,zaPdIhOgjoc,ok,https://hinyan1016.hatenablog.com/entry/2026/02/08/025521
2026-04-14 20:23:23,17179246901352271019,脳神経内科に行くべき症状とは？〜見逃せないサインと受診のポイント,24FovWQ6JhQ,ok,https://hinyan1016.hatenablog.com/entry/2026/02/08/025151
2026-04-14 20:23:25,17179246901351759548,パーキンソン病における脳深部刺激療法（DBS）と集束超音波治療（FUS）,lWw3hfmQCNc,ok,https://hinyan1016.hatenablog.com/entry/2026/02/06/181934
2026-04-14 20:23:27,17179246901351758543,医師免許の取消・医業停止処分：最新事例と医師が留意すべきポイント,iF7lwk6IlD0,ok,https://hinyan1016.hatenablog.com/entry/2026/02/06/181603
2026-04-14 20:23:29,17179246901351757567,薬を飲んで吐いてしまったとき、追加で薬を飲むべきか？,knq4v6SKXcM,ok,https://hinyan1016.hatenablog.com/entry/2026/02/06/181222
2026-04-14 20:23:31,17179246901351443759,内科外来で患者から信頼を得る初診・再診対応ガイド,ew2AhgOMoBA,ok,https://hinyan1016.hatenablog.com/entry/2026/02/05/192632
2026-04-14 20:23:33,17179246901351285302,肺炎球菌性細菌性髄膜炎 – 総説,MKBHvZgIKqs,ok,https://hinyan1016.hatenablog.com/entry/2026/02/05/091609
2026-04-14 20:23:35,17179246901351230507,成人薬剤抵抗性てんかんに対するModified Atkins Diet（MAD）の臨床的意義と実装ポイント,WGvGTDVFzgU,ok,https://hinyan1016.hatenablog.com/entry/2026/02/05/021754
2026-04-14 20:23:38,17179246901350949128,視神経炎の評価：非眼科医にもわかる多面的アプローチ,Qx-r--bbFTM,ok,https://hinyan1016.hatenablog.com/entry/2026/02/04/093626
2026-04-14 20:23:41,17179246901350899544,岡田茂吉の思想と新宗教の概要 ― 浄霊・自然農法・芸術の三本柱と継承教団,2q6rPBpJ9O0,ok,https://hinyan1016.hatenablog.com/entry/2026/02/04/034813
2026-04-14 20:23:43,17179246901350701194,高度認知症・寝たきり患者で「フルコード」を求められたとき――看取りにつながる病状説明の実践ガイド,A-U8xK7Tmw8,ok,https://hinyan1016.hatenablog.com/entry/2026/02/03/135153
2026-04-14 20:23:46,17179246901350576746,2026年2月にOTC化された緊急避妊薬「ノルレボ」の専門解説,J7KmbAG13uo,ok,https://hinyan1016.hatenablog.com/entry/2026/02/03/032408
2026-04-14 20:23:48,17179246901350566427,ベンゾジアゼピン離脱症状とその対策：医療従事者向けガイド,n52GJ4OecAU,ok,https://hinyan1016.hatenablog.com/entry/2026/02/03/011211
2026-04-14 20:23:49,17179246901350549272,胃全摘術後の栄養不良：栄養素別の病態と対応策,5ndB30drQUk,ok,https://hinyan1016.hatenablog.com/entry/2026/02/02/234253
2026-04-14 20:23:51,17179246901350480528, 薬剤性パーキンソニズムの見落とし防止とロングアクティング抗精神病薬の留意点 ,SNjjP_5BUrI,ok,https://hinyan1016.hatenablog.com/entry/2026/02/02/203556
2026-04-14 20:23:53,17179246901350272794,運転免許証の「○トン限定」と運転できるトラックの違い【2026年最新情報】,i4vsEDAUs5w,ok,https://hinyan1016.hatenablog.com/entry/2026/02/02/083248
2026-04-14 20:23:55,17179246901350081715,めまいは脳の病気か耳の病気か？中高年に多いめまいを徹底解説,Z7uGfKvQfsY,ok,https://hinyan1016.hatenablog.com/entry/2026/02/01/175844
2026-04-14 20:23:57,17179246901350030110,脳卒中とTIAの基礎知識・症状・受診の目安・緊急対応ポイント,OGlG3wcKAn4,ok,https://hinyan1016.hatenablog.com/entry/2026/02/01/161420
2026-04-14 20:24:00,17179246901349993782,日本の財政は破綻するのか？バランスシートで見えてくる真実,r463wl6DWt4,ok,https://hinyan1016.hatenablog.com/entry/2026/02/01/141453
2026-04-14 20:24:02,17179246901349841199,高齢者の物忘れと認知症：違い・初期症状・受診と検査のポイント,OmY-SPw-ZqY,ok,https://hinyan1016.hatenablog.com/entry/2026/02/01/041058
2026-04-14 20:24:04,17179246901349123042,てんかん発作との鑑別診断,ATh9k5kTHek,ok,https://hinyan1016.hatenablog.com/entry/2026/01/30/030419
2026-04-14 20:24:06,17179246901349344320,顔面肩甲上腕型筋ジストロフィー（FSHD）総説,WEtH6EPnMMs,ok,https://hinyan1016.hatenablog.com/entry/2026/01/30/180102
2026-04-14 20:24:08,17179246901349253046,眠くなくても、睡眠時間を一定以上確保すべきか？,e9Pda6qA4R8,ok,https://hinyan1016.hatenablog.com/entry/2026/01/30/123841
2026-04-14 20:24:10,17179246901349122669,ニパウイルス感染症：医療従事者向け包括的解説,OcTa2eTJIJE,ok,https://hinyan1016.hatenablog.com/entry/2026/01/30/025738
2026-04-14 20:24:12,17179246901348807854,"「うすくち醤油のほうが塩分が高い」—見た目に反する""合理的な設計""を深掘りする",h098uSqcoCQ,ok,https://hinyan1016.hatenablog.com/entry/2026/01/29/083004
2026-04-14 20:24:14,17179246901348565858,2026年版AHA/ASA急性期脳梗塞治療ガイドラインの概要と改訂ポイント,ZMqjk7TXnqQ,ok,https://hinyan1016.hatenablog.com/entry/2026/01/28/111213
2026-04-14 20:24:16,17179246901348485024,神経痛性筋萎縮症（Parsonage–Turner症候群）,jyTDKnovIog,ok,https://hinyan1016.hatenablog.com/entry/2026/01/28/030346
2026-04-14 20:24:18,17179246901348385025,ワーファリン vs DOAC：結局どちらが「得」か？,HXuDwfCrT2c,ok,https://hinyan1016.hatenablog.com/entry/2026/01/27/192006
2026-04-14 20:24:21,17179246901348262454,Long COVID（コロナ後遺症）の神経症状：メカニズムから最新治療まで,LiNpvsQewOc,ok,https://hinyan1016.hatenablog.com/entry/2026/01/27/113243
2026-04-14 20:24:23,17179246901348165695,日本の税制の最適解：2026年以降の社会・経済環境を踏まえて,ZaUoJzboZ6E,ok,https://hinyan1016.hatenablog.com/entry/2026/01/27/012156
2026-04-14 20:24:26,17179246901348049040,エンレストはなぜ心不全では「分2」が必須で、高血圧では「分1」でよいのか,opQROAp2U4Y,ok,https://hinyan1016.hatenablog.com/entry/2026/01/26/194020
2026-04-14 20:24:28,17179246901348018287,日本におけるベンゾジアゼピン多用と見直しに関する解説,cKepIgF6xWc,ok,https://hinyan1016.hatenablog.com/entry/2026/01/26/170935
2026-04-14 20:24:30,17179246901347483059,嗅覚と認知症の関係 — 匂いが語る脳の変化,cwuLV-ZN99I,ok,https://hinyan1016.hatenablog.com/entry/2026/01/25/021001
2026-04-14 20:24:32,17179246901347248619,紙巻きタバコ vs 電子タバコ：健康への影響をエビデンスで読み解く,wNNNPM579No,ok,https://hinyan1016.hatenablog.com/entry/2026/01/24/114059
2026-04-14 20:24:35,17179246901347083356,70代後半・白髪・薄毛なしの男性に、ミノキシジル外用は「意味がある」のか？―患者側の素朴な疑問を、エビデンスと添付文書から整理してみた―,vUPb5_owOAI,ok,https://hinyan1016.hatenablog.com/entry/2026/01/23/213313
2026-04-14 20:24:36,17179246901347076045,妊娠と片頭痛の治療：急性期治療と予防療法,z7wYEICBEcs,ok,https://hinyan1016.hatenablog.com/entry/2026/01/23/210520
2026-04-14 20:24:39,17179246901347038830,橈骨神経麻痺（Radial Nerve Palsy）について、生活指導も含めて解説,1HBoNsL7toM,ok,https://hinyan1016.hatenablog.com/entry/2026/01/23/193813
2026-04-14 20:24:41,17179246901346665661,多発性骨髄腫の最新治療と予後改善 ～20年間の進歩を振り返る～,voUOizcV2uQ,ok,https://hinyan1016.hatenablog.com/entry/2026/01/22/183958
2026-04-14 20:24:43,17179246901346530301,スマホを使う人は本当にボケにくいのか？医師が認知症予防の観点から解説,2QzF9X8vCbw,ok,https://hinyan1016.hatenablog.com/entry/2026/01/22/115317
2026-04-14 20:24:45,17179246901346510163,車酔い（動揺病・乗り物酔い）について、医師が分かりやすく解説！,3AcGsfA5zpA,ok,https://hinyan1016.hatenablog.com/entry/2026/01/22/085959
2026-04-14 20:24:47,17179246901346153458,良性成人型家族性ミオクローヌスてんかん（BAFME）総説,0ifiP6gJB2M,ok,https://hinyan1016.hatenablog.com/entry/2026/01/21/111058
2026-04-14 20:24:49,17179246901346152755,神経核内封入体病（NIID）の最新解説：疫学から病態、診断、治療まで,lA5Snx5cV04,ok,https://hinyan1016.hatenablog.com/entry/2026/01/21/111020
2026-04-14 20:24:51,17179246901346062772,2026年1月20日時点 日本全国のインフルエンザ流行状況,h4ijhCoh-2k,ok,https://hinyan1016.hatenablog.com/entry/2026/01/20/194222
2026-04-14 20:24:53,17179246901345922590,筋強直性ジストロフィー（Myotonic Dystrophy）の概要と未来の治療,VFObRN10DFY,ok,https://hinyan1016.hatenablog.com/entry/2026/01/20/113547
2026-04-14 20:24:55,17179246901345707168,後頭神経痛の生活指導：再発を減らすための「姿勢・首肩の負荷・睡眠」マネジメント,6A01pArgkjU,ok,https://hinyan1016.hatenablog.com/entry/2026/01/19/200740
2026-04-14 20:24:57,17179246901344826231,"妊娠でだけ発作が出るLTG症例：血中濃度が""1/3""になる人をどう守るか",h8DvRZmKIr8,ok,https://hinyan1016.hatenablog.com/entry/2026/01/17/093117
2026-04-14 20:25:00,17179246901344817682,カルバマゼピンの薬物相互作用：機序・臨床意義と対策,i93GSjZ3I8I,ok,https://hinyan1016.hatenablog.com/entry/2026/01/17/085422
2026-04-14 20:25:02,17179246901344638809,三叉神経痛と口腔セネストパチーの鑑別,lDazLy_VD_4,ok,https://hinyan1016.hatenablog.com/entry/2026/01/16/190157
2026-04-14 20:25:04,17179246901344590421,上肢筋力低下に関する身体障害者手帳認定基準の解説,_9lvLPV2Xks,ok,https://hinyan1016.hatenablog.com/entry/2026/01/16/161323
2026-04-14 20:25:06,17179246901344443635,VO₂max（最大酸素摂取量）の医学的意義と測定・改善ガイド,Iem-UnJPgw0,ok,https://hinyan1016.hatenablog.com/entry/2026/01/16/083556
2026-04-14 20:25:07,17179246901344397121,医学と関係ない動画まとめ,r463wl6DWt4|XhYoScM4ex0|vkUNL-Gr3f0|rfGeQCgAXnY|aZlL1T8tng4|O1lHmHHNdAQ|qaoaqil_giE|rugOanzPYM0|FoRuWjIGPnY|rKwcARrPUtc|W_n3Y837j0s|u-okbQfBXTo|h098uSqcoCQ|4aD__INWcnk|2q6rPBpJ9O0|lhdOSlb4KFs|Sn15sMawAes|eSgzw52Os8I|ZaUoJzboZ6E|i4vsEDAUs5w|_Da2hU7MKYY|KKezmw75uAw,ok,https://hinyan1016.hatenablog.com/entry/2026/01/16/014038
2026-04-14 20:25:10,17179246901344279632,科学技術力で中国を侮ることの危険性,_Da2hU7MKYY,ok,https://hinyan1016.hatenablog.com/entry/2026/01/16/000557
2026-04-14 20:25:12,17179246901344226997,てんかんの移行期医療の重要性と現状,GM2_u7Hd7UQ,ok,https://hinyan1016.hatenablog.com/entry/2026/01/15/150535
2026-04-14 20:25:15,17179246901344144732,ゾシン（ピペラシリン・タゾバクタム）解説,UaVPM-t8Luk,ok,https://hinyan1016.hatenablog.com/entry/2026/01/15/111943
2026-04-14 20:25:17,17179246901344136137,セフォタキシム：基礎から臨床までの総合解説,LyxYXElxD2w,ok,https://hinyan1016.hatenablog.com/entry/2026/01/15/104221
2026-04-14 20:25:19,17179246901343867124,セフトリアキソン：基礎から実臨床までの詳細ガイド,2mBGHm3Hccg,ok,https://hinyan1016.hatenablog.com/entry/2026/01/14/120808
2026-04-14 20:25:21,17179246901343865131,アンピシリン・スルバクタム（スルバシリン®）総合解説 ～基礎から臨床まで～,zOHUOfKx6L4,ok,https://hinyan1016.hatenablog.com/entry/2026/01/14/234123
2026-04-14 20:25:23,17179246901343668746,自己免疫性脳炎後てんかんにおける治療終了戦略,HE7sGEYJmgY,ok,https://hinyan1016.hatenablog.com/entry/2026/01/13/234631
2026-04-14 20:25:25,17179246901343667495,後縦靱帯骨化症（OPLL）とは,IpGHqrj7LhM,ok,https://hinyan1016.hatenablog.com/entry/2026/01/13/234604
2026-04-14 20:25:27,17179246901343661974,肝硬変による胸水（肝性胸水）の特徴と治療,yHFNK1TPkEE,ok,https://hinyan1016.hatenablog.com/entry/2026/01/13/234528
2026-04-14 20:25:29,17179246901343593695,肺癌化学療法の進歩（2006–2026）：非小細胞肺癌と小細胞肺癌の20年の歩み,qwdND0OSgdI,ok,https://hinyan1016.hatenablog.com/entry/2026/01/13/174156
2026-04-14 20:25:31,17179246901343507627,HV・EV・PHVの環境性能比較（日本の電力事情を踏まえて10年間使用時）,O1lHmHHNdAQ,ok,https://hinyan1016.hatenablog.com/entry/2026/01/13/151818
2026-04-14 20:25:33,17179246901343452085,生きがい探しの完全ガイド：科学的根拠と実践的ステップで見つける、あなただけの「人生の羅針盤」,rfGeQCgAXnY,ok,https://hinyan1016.hatenablog.com/entry/2026/01/13/030022
2026-04-14 20:25:35,17179246901343401968,なぜ「普通の日々」が、幸福の答えなのか？——科学と哲学が解き明かす、ありふれた日常の価値,W_n3Y837j0s,ok,https://hinyan1016.hatenablog.com/entry/2026/01/12/223601
2026-04-14 20:25:37,17179246901343094112,冬に屋根を開けて走るオープンカーが意外と暖かい理由,vkUNL-Gr3f0,ok,https://hinyan1016.hatenablog.com/entry/2026/01/12/040416
2026-04-14 20:25:39,17179246901343085389,地球温暖化の実態：最新の科学と社会動向,rKwcARrPUtc,ok,https://hinyan1016.hatenablog.com/entry/2026/01/12/022008
2026-04-14 20:25:41,17179246901342961526,電気自動車は本当に環境に良い選択か？総合的な考察,eSgzw52Os8I,ok,https://hinyan1016.hatenablog.com/entry/2026/01/11/190850
2026-04-14 20:25:43,17179246901342692357,日本における信者数上位10宗教（新宗教を含む）,XhYoScM4ex0,ok,https://hinyan1016.hatenablog.com/entry/2026/01/11/004510
2026-04-14 20:25:45,17179246901342149412,トランプ大統領が66の国際機関から米国脱退を指示 – 何が起きたのか？,rugOanzPYM0,ok,https://hinyan1016.hatenablog.com/entry/2026/01/10/025002
2026-04-14 20:25:47,17179246901342210426,高脂血症治療の最新知見 ～LDLとTG、それぞれへのアプローチ～,ILrTIU9UZzs,ok,https://hinyan1016.hatenablog.com/entry/2026/01/10/024125
2026-04-14 20:25:49,17179246901341866949,2026年最新・てんかん診療アップデート ～非専門医が知っておくべきポイント～,nzUwx9R6oY4,ok,https://hinyan1016.hatenablog.com/entry/2026/01/08/181551
2026-04-14 20:25:51,17179246901341707297,医療従事者が知っているべき「高血圧」解説（日本の疫学＋JSH2025の考え方）,hbmXAI3xjbk,ok,https://hinyan1016.hatenablog.com/entry/2026/01/08/132500
2026-04-14 20:25:53,17179246901341781580,高齢者のインフルエンザで言動がおかしいのは、脳症ではなく「せん妄」であることが多い,hFPLZLa8TYg,ok,https://hinyan1016.hatenablog.com/entry/2026/01/08/112543
2026-04-14 20:25:55,17179246901341322136,ベネズエラ：チャベスからマドゥロまで – 反米革命とその行方,FoRuWjIGPnY,ok,https://hinyan1016.hatenablog.com/entry/2026/01/07/063857
2026-04-14 20:25:58,17179246901341100178,周術期抗血栓薬管理と脳梗塞予防：外科からの相談に答える実践ガイド,ztsAyxL0_10,ok,https://hinyan1016.hatenablog.com/entry/2026/01/06/132508
2026-04-14 20:26:00,17179246901340992606,腓骨神経麻痺と日常生活：転倒予防と生活の工夫,URtNWq-q4Bk,ok,https://hinyan1016.hatenablog.com/entry/2026/01/06/023400
2026-04-14 20:26:02,17179246901340991340,高尿酸血症と薬物治療,ebmnbR-9Ogs,ok,https://hinyan1016.hatenablog.com/entry/2026/01/06/021814
2026-04-14 20:26:04,17179246901340907742,MRI検査と閉所恐怖症への対応・鎮静管理 総説,Le7QQdWQJzc,ok,https://hinyan1016.hatenablog.com/entry/2026/01/05/204955
2026-04-14 20:26:06,17179246901340211688,レアアース供給を巡る中国の存在感：,qaoaqil_giE,ok,https://hinyan1016.hatenablog.com/entry/2026/01/03/224648
2026-04-14 20:26:08,17179246901339599588,救急搬送後24時間以内の死亡＝必ず警察？｜異状死届出の考え方（医師向け）,MvilFDOoNbk,ok,https://hinyan1016.hatenablog.com/entry/2026/01/02/182831
2026-04-14 20:26:10,17179246901339594096,外見自己評価（ボディイメージ）とメンタルヘルスの関係,KgZxitABeEw,ok,https://hinyan1016.hatenablog.com/entry/2026/01/02/180628
2026-04-14 20:26:11,17179246901339033871,医学に直接関係のない最近の動画まとめ,Qyba5zOwsUM|-AUrS9jpbYI|grC1OXwFUXM|5sqtSqbo1mQ|JdBmYg42IaM|s6pCF-GaITw|I8f2u17nclE|16nsWtbhPcc|xcZWfbsDRlg|CVp2wu_7h6I|mCnSGv_6N04|u-okbQfBXTo|R-DoUejX7eo|2qHj7SgIKco|C35WR3S5pF0|CwdW960Onnk|-c7IxfSCyoE|M7KZQx7Th-g|7fPRBjB-YNE|BhrRr9byMaw|KKezmw75uAw,ok,https://hinyan1016.hatenablog.com/entry/2026/01/01/110301
2026-04-14 20:26:14,17179246901338841695,境界領域の患者は誰が主担当？──総合病院あるあるをAI 4種に聞いてみた,TMPv4tg9lT4,ok,https://hinyan1016.hatenablog.com/entry/2025/12/31/204902
2026-04-14 20:26:16,17179246901338796172,りんご飴を「きれいに切る」コツ完全ガイド,C35WR3S5pF0,ok,https://hinyan1016.hatenablog.com/entry/2025/12/31/183901
2026-04-14 20:26:17,17179246901338462562,腸内ガス（おなら）のにおいの原因：医学的メカニズムと対策,7fPRBjB-YNE,ok,https://hinyan1016.hatenablog.com/entry/2025/12/31/001043
2026-04-14 20:26:19,17179246901338123567,JR「大回り乗車（大都市近郊区間内特例）」のルール解説,u-okbQfBXTo,ok,https://hinyan1016.hatenablog.com/entry/2025/12/30/060731
2026-04-14 20:26:22,17179246901337954405,生成AIの規制・著作権・責任問題をめぐる論点整理,JdBmYg42IaM,ok,https://hinyan1016.hatenablog.com/entry/2025/12/29/171922
2026-04-14 20:26:24,17179246901337799758,医療従事者のための性的指向・性嗜好・パラフィリアの理解と対応,kxUJCqE8PIk,ok,https://hinyan1016.hatenablog.com/entry/2025/12/29/105701
2026-04-14 20:26:26,17179246901337705748,原発再稼働の論点整理：リスク・コスト・代替手段を比較,CwdW960Onnk,ok,https://hinyan1016.hatenablog.com/entry/2025/12/28/214258
2026-04-14 20:26:28,17179246901337698996,防衛費増額と財源：抑止力強化 vs 財政負担,s6pCF-GaITw,ok,https://hinyan1016.hatenablog.com/entry/2025/12/28/212135
2026-04-14 20:26:30,17179246901337688185,移民・外国人労働者受け入れの前提知識を学ぶ,2qHj7SgIKco,ok,https://hinyan1016.hatenablog.com/entry/2025/12/28/204520
2026-04-14 20:26:32,17179246901337669419,選択的夫婦別姓をめぐる論点整理,M7KZQx7Th-g,ok,https://hinyan1016.hatenablog.com/entry/2025/12/28/194119
2026-04-14 20:26:34,17179246901337461359,2025年版：アトピー性皮膚炎の外用治療ガイド ～20年でここまで進歩しました！～,EZtqjnzjlk4,ok,https://hinyan1016.hatenablog.com/entry/2025/12/28/085237
2026-04-14 20:26:36,17179246901337106108,サウナ・温冷交代浴の科学：「整う」感覚のメカニズムと健康への影響,Oc6Sshn_N2o,ok,https://hinyan1016.hatenablog.com/entry/2025/12/27/072816
2026-04-14 20:26:38,17179246901336609318,神経梅毒（Neurosyphilis）：疫学から治療・フォローアップまで,R96j-bJkQXc,ok,https://hinyan1016.hatenablog.com/entry/2025/12/25/190036
2026-04-14 20:26:40,17179246901336497802,繰り返される頭部衝撃の長期影響：認知機能低下とパーキンソニズムに関する最新エビデンス,qTY6uXJqRAw,ok,https://hinyan1016.hatenablog.com/entry/2025/12/25/155947
2026-04-14 20:26:42,17179246901336545047,急性腎不全（AKI）の鑑別と初期対応 —腎臓専門でない内科医のための実践ガイド—,uoJdHYZLRE8,ok,https://hinyan1016.hatenablog.com/entry/2025/12/25/151146
2026-04-14 20:26:44,17179246901336153748,出血性脳梗塞を伴う心原性脳塞栓症：抗凝固療法開始の考え方,oSeLB5J9FPs,ok,https://hinyan1016.hatenablog.com/entry/2025/12/24/141131
2026-04-14 20:26:46,17179246901335329435,観念運動失行（Ideomotor Apraxia）：概念・病態・診察法の総説,MLBzBP_ALVI,ok,https://hinyan1016.hatenablog.com/entry/2025/12/23/144018
2026-04-14 20:26:48,17179246901335708194,日本の世代別解説：団塊世代からZ世代・α世代まで,xcZWfbsDRlg,ok,https://hinyan1016.hatenablog.com/entry/2025/12/23/070547
2026-04-14 20:26:50,17179246901335470335,「割のいいギャンブル」は存在するのか？還元率から見る各ギャンブルの真実,16nsWtbhPcc,ok,https://hinyan1016.hatenablog.com/entry/2025/12/22/142408
2026-04-14 20:26:52,17179246901333747979,茶道入門：歴史から流派の違い・お茶会の楽しみ方まで,KKezmw75uAw,ok,https://hinyan1016.hatenablog.com/entry/2025/12/17/165130
2026-04-14 20:26:54,17179246901333375839,半固形剤、ラコールからイノソリッドへ,McER9H7l6mM,ok,https://hinyan1016.hatenablog.com/entry/2025/12/16/182311
2026-04-14 20:26:56,17179246901333268906,人生は何で決まる？遺伝・環境・努力の真実を科学する,0b6YEUYPCyo,ok,https://hinyan1016.hatenablog.com/entry/2025/12/16/123701
2026-04-14 20:26:59,17179246901333182163,勉強をするのは何のためか――人生の問いをChatGPT5.2pro extended thinkingにきく,grC1OXwFUXM,ok,https://hinyan1016.hatenablog.com/entry/2025/12/16/060521
2026-04-14 20:27:01,17179246901332868306,フィッシング詐欺メールの見分け方：騙されないための実践チェックリスト,-c7IxfSCyoE,ok,https://hinyan1016.hatenablog.com/entry/2025/12/15/091336
2026-04-14 20:27:03,17179246901330689579,成人の感覚性ポリニューロパチーの鑑別診断,6655zBJZ7yI,ok,https://hinyan1016.hatenablog.com/entry/2025/12/09/214202
2026-04-14 20:27:04,17179246901330493774,GABAサプリメントのエビデンス：ストレス・睡眠・血圧への効果を科学的に検証,wX4JJMSWg2Y,ok,https://hinyan1016.hatenablog.com/entry/2025/12/09/102429
2026-04-14 20:27:06,17179246901330225698,静脈血栓塞栓症（VTE）のリスク評価 – 2025年改訂ガイドラインに基づく対象別アプローチ,9NYgIf2k3R8,ok,https://hinyan1016.hatenablog.com/entry/2025/12/08/153032
2026-04-14 20:27:08,17179246901329033069,【実践】パーキンソン病患者のせん妄：評価から治療まで ─ 経口摂取不可時の対応を含めて,rUcWQCqQZnA,ok,https://hinyan1016.hatenablog.com/entry/2025/12/05/144847
2026-04-14 20:27:10,17179246901328103149,ビタミンB12欠乏症：診断と治療の体系的アプローチ,d2ZMyfmXaEw,ok,https://hinyan1016.hatenablog.com/entry/2025/12/03/094320
2026-04-14 20:27:12,17179246901328059605,ドパミンアゴニスト離脱症候群（DAWS）：パーキンソン病治療における「諸刃の剣」,HvTmHKUL41g,ok,https://hinyan1016.hatenablog.com/entry/2025/12/03/061931
2026-04-14 20:27:14,17179246901327800215,2025年12月時点でのインフルエンザ流行状況とその特徴,iDTQr2QTago,ok,https://hinyan1016.hatenablog.com/entry/2025/12/02/122106
2026-04-14 20:27:16,17179246901327594122,意識消失発作と「いびき」― 失神とてんかんをどう見分けるか,AIG6bphrUlM,ok,https://hinyan1016.hatenablog.com/entry/2025/12/01/201733
2026-04-14 20:27:18,17179246901327582937,尺骨神経障害の生活指導 ―肘部管症候群・ギオン管症候群を中心に―,q78L6GUMXSE,ok,https://hinyan1016.hatenablog.com/entry/2025/12/01/194131
2026-04-14 20:27:20,17179246901326432779,群発頭痛の診断と治療【2025年最新版】,Pj2FRtRoZII,ok,https://hinyan1016.hatenablog.com/entry/2025/11/28/211119
2026-04-14 20:27:22,17179246901326420247,脊髄小脳変性症のリハビリテーション：ガイドラインと最新エビデンスに基づく初期指導,1yq6zG3nsWA,ok,https://hinyan1016.hatenablog.com/entry/2025/11/28/202940
2026-04-14 20:27:24,17179246901325789555,GLP-1受容体作動薬は膵臓を疲弊させるのか？最新エビデンスまとめ,B-oJzR07WhE,ok,https://hinyan1016.hatenablog.com/entry/2025/11/27/093345
2026-04-14 20:27:26,17179246901325244543,不顕性誤嚥と逆流性誤嚥における神経学的・消化器学的クロストーク：脳神経内科医のための包括的マネジメントと治療戦略,Zell23WLth0|NnMmtzBpcbs,ok,https://hinyan1016.hatenablog.com/entry/2025/11/25/201026
2026-04-14 20:27:28,17179246901325039144,"ゲーム課金が止まらない「本当の理由」とは？意志力に頼らず""沼""から抜け出す5つの科学的戦略",I8f2u17nclE,ok,https://hinyan1016.hatenablog.com/entry/2025/11/25/091008
2026-04-14 20:27:30,17179246901324959135,なぜか人生が楽な人が実践している「鈍感力」という最強スキル,mCnSGv_6N04,ok,https://hinyan1016.hatenablog.com/entry/2025/11/25/030708
2026-04-14 20:27:32,17179246901323298991,「病院でスマホは禁止」はもう古い？医療現場の電波事情と本当に気をつけるべき現代のリスク,ReYLptqaE8M,ok,https://hinyan1016.hatenablog.com/entry/2025/11/20/123541
2026-04-14 20:27:34,17179246901322893727,医学的に正しい入浴法：疲労回復と快眠のための完全ガイド,7bxyX-XK6mU,ok,https://hinyan1016.hatenablog.com/entry/2025/11/19/063658
2026-04-14 20:27:36,17179246901317914306,日本の紅葉：色づくメカニズムと気候・地域差の科学的解説,CVp2wu_7h6I,ok,https://hinyan1016.hatenablog.com/entry/2025/11/13/121514
2026-04-14 20:27:38,17179246901317824028,加齢臭とは何か:原因と対策の総説,SidKTymNbvo,ok,https://hinyan1016.hatenablog.com/entry/2025/11/13/092759
2026-04-14 20:27:40,17179246901317023217,救急外来でのてんかん発作対応,mypOzbYf878,ok,https://hinyan1016.hatenablog.com/entry/2025/11/12/074125
2026-04-14 20:27:42,17179246901315709379,コラージュフルフルとは：抗真菌成分配合の低刺激性ヘア・ボディケアシリーズ,QqD3jQFarxw|4fOaiZgW-tw,ok,https://hinyan1016.hatenablog.com/entry/2025/11/10/084626
2026-04-14 20:27:44,17179246901312381021,2025年インフルエンザ流行状況：早期流行の傾向と対策,XATlbDiD2mY,ok,https://hinyan1016.hatenablog.com/entry/2025/11/05/165406
2026-04-14 20:27:47,17179246901312220045,多発脳神経障害の鑑別と診断アプローチ,TdsYpF0a1ZI,ok,https://hinyan1016.hatenablog.com/entry/2025/11/05/115554
2026-04-14 20:27:49,17179246901310649451,沼・池・湖・潟の違いを自然地理学の視点から解説,lhdOSlb4KFs,ok,https://hinyan1016.hatenablog.com/entry/2025/11/02/184932
2026-04-14 20:27:50,17179246901310366056,脊髄梗塞の総説：疫学から予防まで,tAhTC-NWAio,ok,https://hinyan1016.hatenablog.com/entry/2025/11/02/122708
2026-04-14 20:27:53,6802888565300320152,心因性非てんかん発作（PNES）総説,5ELgUacxOJA,ok,https://hinyan1016.hatenablog.com/entry/2025/10/27/045612
2026-04-14 20:27:55,6802888565297668024,電気けいれん療法（ECT）総説 ― 医療従事者のための基礎知識と最新動向,Wd0qhItdY4M,ok,https://hinyan1016.hatenablog.com/entry/2025/10/25/070034
2026-04-14 20:27:57,6802888565297667392,🥬 リーフレタスが苦くなるのはなぜ？原因と対策,kSRJlyzW5ko,ok,https://hinyan1016.hatenablog.com/entry/2025/10/24/184832
2026-04-14 20:28:00,6802888565297017681,成人気管支喘息の標準治療,_TG88fXsDuc,ok,https://hinyan1016.hatenablog.com/entry/2025/10/24/061916
2026-04-14 20:28:02,6802888565295007249,重度認知症患者の終末期の栄養のとり方について – ご家族向け説明資料,Siwyhx7nDR0,ok,https://hinyan1016.hatenablog.com/entry/2025/10/22/102910
2026-04-14 20:28:05,6802888565294689292,誤嚥性肺炎を繰り返す重度認知症患者の栄養管理の選択肢,KYcmAVtiJac,ok,https://hinyan1016.hatenablog.com/entry/2025/10/22/001349
2026-04-14 20:28:07,6802888565293645197,出血管理におけるアドナ（カルバゾクロム）とトランサミン（トラネキサム酸）：作用・適応・エビデンス・実装,VAbZMe9WeNg,ok,https://hinyan1016.hatenablog.com/entry/2025/10/21/104745
2026-04-14 20:28:09,6802888565292445598,日本で増えるクマ被害：2020年以降の動向と2025年最新状況,Sn15sMawAes,ok,https://hinyan1016.hatenablog.com/entry/2025/10/19/224322
2026-04-14 20:28:11,6802888565291699308,京都市、2026年3月から宿泊税引き上げへ – 背景と新制度の詳細,E9YC1EHalts,ok,https://hinyan1016.hatenablog.com/entry/2025/10/19/071354
2026-04-14 20:28:13,6802888565289330870,最近の動画まとめ,bq7S_Jt8bB4|0TP2m8zgyvE|9hfiveQ6Z-E|aZlL1T8tng4|XvxQdhKtdzg|g96hOMtuKLQ|jJtD5K-QCW0,ok,https://hinyan1016.hatenablog.com/entry/2025/10/16/192250
2026-04-14 20:28:15,6802888565288949127,日本における自転車利用の交通規制強化,aZlL1T8tng4,ok,https://hinyan1016.hatenablog.com/entry/2025/10/16/110924
2026-04-14 20:28:17,6802888565287945574,両側性視神経炎を起こす疾患：鑑別と臨床のポイント,uILc-cZhaTs,ok,https://hinyan1016.hatenablog.com/entry/2025/10/15/104708
2026-04-14 20:28:19,6802888565284637966,穿通枝梗塞（BAD）の進行管理：日本の治療戦略とエビデンス,NT1St1HSsKA,ok,https://hinyan1016.hatenablog.com/entry/2025/10/12/123944
2026-04-14 20:28:21,6802888565282932088,クロナゼパム：多彩な適応とエビデンス・安全性の深掘り,9DGszUvKlgk,ok,https://hinyan1016.hatenablog.com/entry/2025/10/11/063144
2026-04-14 20:28:23,6802888565282853666,パーキンソン病治療におけるMAO-B阻害薬3剤の特徴と使い分け,MlklP_6i_NU,ok,https://hinyan1016.hatenablog.com/entry/2025/10/10/224630
2026-04-14 20:28:25,6802888565281031155,ノーベル化学賞を受賞した北川進特別教授の研究内容とは,g96hOMtuKLQ,ok,https://hinyan1016.hatenablog.com/entry/2025/10/09/125850
2026-04-14 20:28:27,6802888565280952889,日本のメタボ腹囲基準（男性85cm・女性90cm）の根拠と課題,0TP2m8zgyvE,ok,https://hinyan1016.hatenablog.com/entry/2025/10/09/101848
2026-04-14 20:28:28,6802888565280132254,"神経変性疾患における慢性期栄養管理ガイド（PD, ALSを中心に）",FpBf11vWMfE,ok,https://hinyan1016.hatenablog.com/entry/2025/10/08/160652
2026-04-14 20:28:31,6802888565280028149,NIHSSスコア5点以下の軽症脳梗塞における急性期抗血栓療法の選択,Qrz4Hmj20aQ,ok,https://hinyan1016.hatenablog.com/entry/2025/10/08/142332
2026-04-14 20:28:33,6802888565278587043,主治医意見書で迷わない！障害高齢者・認知症高齢者の日常生活自立度を覚えるコツ,XvxQdhKtdzg,ok,https://hinyan1016.hatenablog.com/entry/2025/10/08/021153
2026-04-14 20:28:34,6802888565278318147,制御性T細胞の発見が拓いた免疫学の新時代 — 坂口志文先生のノーベル賞研究を解説,9hfiveQ6Z-E,ok,https://hinyan1016.hatenablog.com/entry/2025/10/07/071626
2026-04-14 20:28:36,6802888565275603079,筋萎縮性側索硬化症（ALS）における高エネルギー栄養療法と胃ろう早期導入のエビデンスレビュー,DyUtNIs_JjM,ok,https://hinyan1016.hatenablog.com/entry/2025/10/05/201316
2026-04-14 20:28:38,6802888565268301602,日本におけるてんかん患者の運転免許制度 – 中型・準中型免許を中心に,KX_rDv-ZyYs,ok,https://hinyan1016.hatenablog.com/entry/2025/10/02/115704
2026-04-14 20:28:40,6802888565257890696,ポリカルボフィルカルシウム（ポリフル）の供給不足と代替薬の選び方,bq7S_Jt8bB4,ok,https://hinyan1016.hatenablog.com/entry/2025/09/27/224555
2026-04-14 20:28:42,6802888565242902711,成人のチックとてんかん発作の鑑別ポイント,dA0CZjIlXmk|l75_uEo7ZL0|fMQA23i2sqE|TuvU0Ouyk9o,ok,https://hinyan1016.hatenablog.com/entry/2025/09/20/081129
2026-04-14 20:28:44,6802888565227131700,なぜ東日本は50Hz、西日本は60Hz？日本で交流周波数が異なる理由,Qyba5zOwsUM,ok,https://hinyan1016.hatenablog.com/entry/2025/09/11/191613
2026-04-14 20:28:46,6802888565217981357,フェンフルラミン（フィンテプラ）による難治てんかんの治療,pJ19zF_tVHs,ok,https://hinyan1016.hatenablog.com/entry/2025/09/06/083747
2026-04-14 20:28:48,6802888565214750532,心房細動による脳塞栓後の抗凝固療法：CHA₂DS₂-VASc評価と治療戦略,Ab2CE8BvbHE,ok,https://hinyan1016.hatenablog.com/entry/2025/09/04/184231
2026-04-14 20:28:50,6802888565214255487,高齢嚥下障害患者の誤嚥性肺炎における抗菌薬治療ガイド,jJtD5K-QCW0,ok,https://hinyan1016.hatenablog.com/entry/2025/09/04/113855
2026-04-14 20:28:53,6802888565212124111,医師が考えるFIRE（早期リタイア）：経済的自由で人生にゆとりを,BhrRr9byMaw,ok,https://hinyan1016.hatenablog.com/entry/2025/09/03/114055
2026-04-14 20:28:55,6802418398566190038,FreeStyleリブレ2の保険適用と利用方法（リライト版）,n5UDL1W4Sh4,ok,https://hinyan1016.hatenablog.com/entry/2025/08/28/190822
2026-04-14 20:28:57,6802418398565654765,熱中症の危険因子と予防対策,5JTZ9YX6v8M,ok,https://hinyan1016.hatenablog.com/entry/2025/08/28/103421
2026-04-14 20:28:58,6802418398565476182,ドラッグ・リポジショニング解説：臨床医のための実務ガイド,f2D4C-c8UlI,ok,https://hinyan1016.hatenablog.com/entry/2025/08/28/063350
2026-04-14 20:29:01,6802418398555993595,ヘルペス脳炎（HSV脳炎）の診断と治療,fH4Mto-zsdA,ok,https://hinyan1016.hatenablog.com/entry/2025/08/21/095937
2026-04-14 20:29:03,6802418398553833277,CRISPR/Cas9の仕組みと最新動向（2025年）,1BXYSGepx7Q|jAhjPd4uNFY|TdBAHexVYzc,ok,https://hinyan1016.hatenablog.com/entry/2025/08/19/204155
2026-04-14 20:29:05,6802418398552224768,心肺蘇生後の脳機能予後評価：最新エビデンスに基づく実践ガイド,yUbgjGNkOmM,ok,https://hinyan1016.hatenablog.com/entry/2025/08/18/204551
2026-04-14 20:29:07,6802418398549884277,アドバンス・ケア・プランニング（ACP）を深掘り：人生会議のすすめ,R-DoUejX7eo,ok,https://hinyan1016.hatenablog.com/entry/2025/08/17/082426
2026-04-14 20:29:10,6802418398542671388,幸福とは何か——定義から実践までのやさしい大全,5sqtSqbo1mQ,ok,https://hinyan1016.hatenablog.com/entry/2025/08/12/051403
2026-04-14 20:29:12,6802418398537219711,肝性脳症（Hepatic Encephalopathy: HE）完全ガイド 2025年版,HPiIdbZzj4A,ok,https://hinyan1016.hatenablog.com/entry/2025/08/07/221658
2026-04-14 20:29:14,6802418398535691032,右基底核脳梗塞による吃逆：文献的検証と臨床的意義,c8nUpMDVshI,ok,https://hinyan1016.hatenablog.com/entry/2025/08/06/102359
2026-04-14 20:29:16,6802418398535606766,"眼筋型重症筋無力症（Ocular Myasthenia Gravis, OMG）- 2025年最新エビデンス",VAAwXB_Q3qU,ok,https://hinyan1016.hatenablog.com/entry/2025/08/06/094802
2026-04-14 20:29:18,6802418398498158524,昆虫はなぜ海にいないのか？,-AUrS9jpbYI,ok,https://hinyan1016.hatenablog.com/entry/2025/07/21/224948
2026-04-14 20:29:20,6802418398511531798,かかりつけ医のためのBPSD対応向精神薬使用ガイドライン第3版ポイント解説,irjWCjSI3Xc,ok,https://hinyan1016.hatenablog.com/entry/2025/07/15/044000
2026-04-14 20:29:22,6802418398509446919,不眠に対する非薬物療法：最新エビデンスと日本の臨床現場における実践ガイド,aEJVRI-zfYg|l4bEQ8HrjIk|r-CSQSz2pPg,ok,https://hinyan1016.hatenablog.com/entry/2025/07/13/044315
2026-04-14 20:29:24,6802418398502304795,【一般内科医のための神経調節性失神ガイド】病態生理から最新治療、高齢者へのアプローチまで,pA66S94CA4k|hDyKQ3xNf8M,ok,https://hinyan1016.hatenablog.com/entry/2025/07/06/192148
2026-04-14 20:29:27,6802418398501803888,脳梗塞診療の20年を振り返る：tPAから血管内治療、そして個別化医療の未来へ,kwQzpREDV84|Gz73GgwIWto,ok,https://hinyan1016.hatenablog.com/entry/2025/07/06/130255
2026-04-14 20:29:29,6802418398500276760,脳波所見BIRDs (Brief Potentially Ictal Rhythmic Discharges) の臨床的意義と実践的アプローチ：ACNS 2021ガイドラインに基づく総説,TI2NcrPPOig,ok,https://hinyan1016.hatenablog.com/entry/2025/07/05/072731
2026-04-14 20:29:32,6802418398496102662,アルツハイマー型認知症治療の地殻変動：過去20年の進歩と未来への多角的挑戦,maPwyVk0QUI,ok,https://hinyan1016.hatenablog.com/entry/2025/07/03/091339
2026-04-14 20:29:34,6802418398492982676,2025年版：日本の予防接種一覧と年齢別ワクチン計画,90j3ufGdj0c,ok,https://hinyan1016.hatenablog.com/entry/2025/06/29/142925
2026-04-14 20:29:36,6802418398468713283,歯状核赤核淡蒼球ルイ体萎縮症（DRPLA）の総説,hq7ob5uEBps,ok,https://hinyan1016.hatenablog.com/entry/2025/06/10/083946
2026-04-14 20:29:38,6802418398461743544,回復期リハ病棟の対象疾患と神経領域の適応解説,QWpBJQXDLfs,ok,https://hinyan1016.hatenablog.com/entry/2025/06/05/120955
2026-04-14 20:29:40,6802418398458856967,BUN（血中尿素窒素）上昇の鑑別：一般内科医のための包括的解説,LCXe4vJVV_Y,ok,https://hinyan1016.hatenablog.com/entry/2025/06/03/152053
2026-04-14 20:29:42,6802418398458205519,良性発作性頭位めまい症（BPPV）の効果的な体操法：どの半規管にも対応できる実践的アプローチ,pcM1RIY4coM|9rYmGX2eXRU,ok,https://hinyan1016.hatenablog.com/entry/2025/06/03/082611
2026-04-14 20:29:44,6802418398456122810,「食べてすぐ寝ると牛になる」は本当？最新研究で分かった健康リスクと対策法,uynrMCO7qQk,ok,https://hinyan1016.hatenablog.com/entry/2025/06/01/222536
2026-04-14 20:29:47,6802418398450368228,ワーファリン用量調整の実践ポイント,Smt3Ursr7VY,ok,https://hinyan1016.hatenablog.com/entry/2025/05/29/140015
2026-04-14 20:29:49,6802418398441886069,悪性腫瘍関連脳梗塞（トルーソー症候群）に対する抗凝固療法の選択,a_9DE13j1Qg,ok,https://hinyan1016.hatenablog.com/entry/2025/05/23/192201
2026-04-14 20:29:50,6802418398411984148,低ナトリウム血症の臨床鑑別アプローチ,7uQe3ul6gYQ,ok,https://hinyan1016.hatenablog.com/entry/2025/05/06/151229
2026-04-14 20:29:52,6802418398410386374,高齢者によく見られる皮膚のかゆみ（加齢性掻痒症）とは,i-DqWGeU_bc,ok,https://hinyan1016.hatenablog.com/entry/2025/05/05/233646
2026-04-14 20:29:54,6802418398380798300,プレドニゾロン長期使用時の合併症対策と併用薬ガイド,PO75ESas3F8,ok,https://hinyan1016.hatenablog.com/entry/2025/04/26/081712
2026-04-14 20:29:56,6802418398379619695,アロチノロール生産中止による本態性振戦治療への影響と代替薬の現状,C9XeKM76R0Q,ok,https://hinyan1016.hatenablog.com/entry/2025/04/25/194043
2026-04-14 20:29:58,6802418398365013330,手根管症候群（しゅこんかんしょうこうぐん）の生活ガイド　2025年度最新版,vc3KXbWHQM4,ok,https://hinyan1016.hatenablog.com/entry/2025/04/21/174244
2026-04-14 20:30:00,6802418398344679918,内科医のためのARB処方ガイド：製剤ごとの特徴と臨床での使い分け,sJJ2hGiURKo,ok,https://hinyan1016.hatenablog.com/entry/2025/04/15/122215
2026-04-14 20:30:02,6802418398344622944,不眠症の非薬物療法：種類、効果とプライマリケアでの実践,JGV3jJv6R7Q,ok,https://hinyan1016.hatenablog.com/entry/2025/04/15/072144
2026-04-14 20:30:05,6802418398344480647,Evidence-based健康長寿戦略：高齢になっても元気でいるためにできること,maPwyVk0QUI,ok,https://hinyan1016.hatenablog.com/entry/2025/04/14/175142
2026-04-14 20:30:07,6802418398343857247,パーキンソン病における流涎（よだれ）：発生メカニズムから治療まで,Rzt5ymuB4aE,ok,https://hinyan1016.hatenablog.com/entry/2025/04/12/121241
2026-04-14 20:30:09,6802418398343701723,脳表ヘモジデリン沈着症 (Superficial Siderosis of the CNS): 最新の知見と臨床的アプローチ,p-ZSKhKyrqE,ok,https://hinyan1016.hatenablog.com/entry/2025/04/11/190147
2026-04-14 20:30:11,6802418398341889417,終末期における皮下点滴（Hypodermoclysis）の実践ガイド,KXjDUynpqJY,ok,https://hinyan1016.hatenablog.com/entry/2025/04/04/174249
2026-04-14 20:30:13,6802418398340466457,心不全診療の羅針盤：BNP/NT-proBNPを使いこなす～2025年改訂版 心不全診療ガイドラインを踏まえて～,suoTNGL_Vz4,ok,https://hinyan1016.hatenablog.com/entry/2025/03/30/095950
2026-04-14 20:30:15,6802418398340374932,2025年版心不全診療ガイドライン：最新の変更点と臨床的意義,1abSUWC3G3I,ok,https://hinyan1016.hatenablog.com/entry/2025/03/29/222757
2026-04-14 20:30:17,6802418398337896797,ADHD傾向の人・片付け苦手な人のための引っ越し整理整頓ガイド,FvoEb3EEy2w,ok,https://hinyan1016.hatenablog.com/entry/2025/03/20/083411
2026-04-14 20:30:19,6802418398337392217,高齢者に発症するアステリクシスを伴う一過性ミオクローヌス状態（TMA）：知っておくべき診断と治療,aopYs0x-h3U,ok,https://hinyan1016.hatenablog.com/entry/2025/03/18/074322
2026-04-14 20:30:21,6802418398334556684,グレープフルーツが薬を変える!? 知っておきたい柑橘類と薬の危険な関係,-p0xV6dyCDs,ok,https://hinyan1016.hatenablog.com/entry/2025/03/07/185303
